En alakalı sayfalar,Tıklamalar,Gösterimler,TO,Pozisyon
https://kartonpiyerdeposu.com/poliuretan-duvar-panelleri/,4855,516073,0.94%,2.13
https://kartonpiyerdeposu.com/poliuretan-kartonpiyer-modelleri/,4835,334405,1.45%,8.13
https://kartonpiyerdeposu.com/,2411,50801,4.75%,7.42
https://kartonpiyerdeposu.com/poliuretan-ahsap-mertek-kiris-rustik-dekorasyon-fikirleri-rustik-tasarim/,2137,76442,2.8%,3.95
https://kartonpiyerdeposu.com/poliuretan-ahsap-kiris/,1853,34534,5.37%,3.53
https://kartonpiyerdeposu.com/poliuretan-gizli-isik-led-isik-kartonpiyer/,1754,91829,1.91%,3.2
https://kartonpiyerdeposu.com/poliuretan-sutun-modelleri/,1545,42226,3.66%,4.65
https://kartonpiyerdeposu.com/poliuretan-gobek-modelleri/,1400,73377,1.91%,5.64
https://kartonpiyerdeposu.com/category/kartonpiyer/alci-kartonpiyer/,1171,156427,0.75%,1.52
https://kartonpiyerdeposu.com/poliuretan-duvar-citasi-ve-bordur-modelleri/,1094,62524,1.75%,7.49
https://kartonpiyerdeposu.com/tag/duvar-citasi-nasil-uygulanir/,756,80359,0.94%,5.74
https://kartonpiyerdeposu.com/category/duvar-citalari-poliuretan-duvar-citasi/duvar-citasi/,702,28987,2.42%,10.81
https://kartonpiyerdeposu.com/category/alci-dekorasyon-urunleri/alci-duvar-citasi/,627,32160,1.95%,5.7
https://kartonpiyerdeposu.com/somine-modelleri/,596,95560,0.62%,2.76
https://kartonpiyerdeposu.com/poliuretan-sove/,431,32577,1.32%,11.6
https://kartonpiyerdeposu.com/category/alci-dekorasyon-urunleri/,421,46266,0.91%,5.79
https://kartonpiyerdeposu.com/poliuretan-somine-modelleri/,356,8952,3.98%,6.73
https://kartonpiyerdeposu.com/category/dekorasyon-uygulama-onerileri-ve-fikirleri/,334,71785,0.47%,2.14
https://kartonpiyerdeposu.com/duvar-cita-uygulama/,327,64651,0.51%,3.12
https://kartonpiyerdeposu.com/poliuretan-supurgelik/,315,44076,0.71%,2.56
https://kartonpiyerdeposu.com/tag/poliuretan-kutuk/,311,7831,3.97%,5.67
https://kartonpiyerdeposu.com/category/duvar-citalari-poliuretan-duvar-citasi/,269,29818,0.9%,5.78
https://kartonpiyerdeposu.com/poliuretan-tavan-lamba-duz-gobek-modelleri/,257,29704,0.87%,1.96
https://kartonpiyerdeposu.com/tag/tavan-citasi/,223,3419,6.52%,6.77
https://kartonpiyerdeposu.com/poliuretan-duvar-susleri/,206,19455,1.06%,5.75
https://kartonpiyerdeposu.com/category/ahsap-gorunumlu-poliuretan-kutuk/,186,4149,4.48%,6.93
https://kartonpiyerdeposu.com/tag/poliuretan-duvar-citasi/,159,2496,6.37%,6.62
https://kartonpiyerdeposu.com/category/duvar-citalari-poliuretan-duvar-citasi/poliuretan-duz-cita/,142,13042,1.09%,4.58
https://kartonpiyerdeposu.com/tag/ahsap-gorunumlu-kiris-fiyatlari/,138,3403,4.06%,5.57
https://kartonpiyerdeposu.com/tag/duvar-citasi/,137,4363,3.14%,8.36
https://kartonpiyerdeposu.com/villa-tavan-ahsap-tavan-kaplama/,126,17525,0.72%,4.17
https://kartonpiyerdeposu.com/tag/poliuretan-cita-nasil-yapistirilir/,110,13151,0.84%,5.59
https://kartonpiyerdeposu.com/category/duvar-citalari-poliuretan-duvar-citasi/poliuretan-cita-kosesi/,109,5022,2.17%,9.89
https://kartonpiyerdeposu.com/poliuretan-cita-imalatcisi/,109,2040,5.34%,12.58
https://kartonpiyerdeposu.com/kartonpiyer-istanbul/,106,2004,5.29%,6.03
https://kartonpiyerdeposu.com/duvar-citalama-fiyati-nedir/,104,16101,0.65%,4.16
https://kartonpiyerdeposu.com/tag/poliuretan-motifli-cita/,98,552,17.75%,5.92
https://kartonpiyerdeposu.com/poliuretan-kutuk/,92,2260,4.07%,4.67
https://kartonpiyerdeposu.com/poliuretan-payanda-modelleri/,81,3679,2.2%,6.49
https://kartonpiyerdeposu.com/duvar-citasi-izmir/,81,2163,3.74%,8.19
https://kartonpiyerdeposu.com/category/duvar-citalari-poliuretan-duvar-citasi/poliuretan-cita-duz-poliuretan-cita/,80,5466,1.46%,15.87
https://kartonpiyerdeposu.com/poliuretan-dekoratif-susleme-modelleri/,80,5098,1.57%,4.92
https://kartonpiyerdeposu.com/tag/stropiyer-cita/,78,1261,6.19%,19.86
https://kartonpiyerdeposu.com/category/duvar-citalari-poliuretan-duvar-citasi/poliuretan-duvar-citasi/,76,6529,1.16%,13.42
https://kartonpiyerdeposu.com/category/poliuretan-mertek/,71,2653,2.68%,6.96
https://kartonpiyerdeposu.com/poliuretan-kutuk-imalati/,68,2065,3.29%,7.14
https://kartonpiyerdeposu.com/tag/ahsap-gorunumlu-mertek/,67,1995,3.36%,8.05
https://kartonpiyerdeposu.com/kartonpiyer/,66,2222,2.97%,9.77
https://kartonpiyerdeposu.com/category/dekorasyon-uygulama-onerileri-ve-fikirleri/dekoratif-modeller-arsivleri/,65,14671,0.44%,4.24
https://kartonpiyerdeposu.com/polimer-cita/,65,3467,1.87%,5.47
https://kartonpiyerdeposu.com/tag/duvar-cita-kosesi-modelleri/,61,1390,4.39%,4.58
https://kartonpiyerdeposu.com/category/poliuretan-dekorasyon-mmodelleri/,59,3223,1.83%,9.68
https://kartonpiyerdeposu.com/poliuretan-duvar-cita-ve-kose-modelleri/,57,1061,5.37%,6.99
https://kartonpiyerdeposu.com/duvar-citasi-pendik/,53,664,7.98%,8.21
https://kartonpiyerdeposu.com/duvar-cita-uygulamasi/,52,6513,0.8%,2.62
https://kartonpiyerdeposu.com/poliuretan-kubbe-modelleri-kubbe-fiyatlari/,51,1989,2.56%,4.83
https://kartonpiyerdeposu.com/category/duvar-citalari-poliuretan-duvar-citasi/duvar-citasi-ureticisi/,49,1244,3.94%,21.03
https://kartonpiyerdeposu.com/duvar-citasi/,48,8800,0.55%,5.69
https://kartonpiyerdeposu.com/tag/duvar-cita-calismasi/,45,2956,1.52%,5.06
https://kartonpiyerdeposu.com/category/poliuretan-dekorasyon-modelleri/,43,6683,0.64%,4.82
https://kartonpiyerdeposu.com/poliuretan-cita-ve-cita-modelleri/,43,2181,1.97%,13.24
https://kartonpiyerdeposu.com/themefusion_es_groups/group1/,42,258,16.28%,4.29
https://kartonpiyerdeposu.com/category/duvar-citalari-poliuretan-duvar-citasi/page/2/,38,1470,2.59%,8.17
https://kartonpiyerdeposu.com/poliuretan-duz-kartonpiyer-modelleri/,36,3541,1.02%,2.11
https://kartonpiyerdeposu.com/tag/salon-duvar-citasi/,36,715,5.03%,8.14
https://kartonpiyerdeposu.com/tag/duvar-cita-modelleri/,35,5099,0.69%,18.3
https://kartonpiyerdeposu.com/duvar-citasi-kocaeli/,35,531,6.59%,8.74
https://kartonpiyerdeposu.com/category/poliuretan-kiris-ustasi/,30,3607,0.83%,3.44
https://kartonpiyerdeposu.com/tag/ahsap-gorunumlu-kiris/,28,3777,0.74%,2.14
https://kartonpiyerdeposu.com/category/poliuretan-mertek/poliuretan-ahsap-mertek/,28,1217,2.3%,6.11
https://kartonpiyerdeposu.com/poliuretan-boyanabilir-duvar-citasi/,24,4097,0.59%,6.8
https://kartonpiyerdeposu.com/dekorasyon-urunleri-imalat-satis-ve-uygulama/,21,1492,1.41%,10.4
https://kartonpiyerdeposu.com/tag/poliuretan-duvar-citasi-fiyati/,21,693,3.03%,3.65
https://kartonpiyerdeposu.com/tag/poliuretan-cita/,19,1080,1.76%,13.53
https://kartonpiyerdeposu.com/poluretan-cita-bordur-modelleri/,18,7181,0.25%,2.11
https://kartonpiyerdeposu.com/4cm-duvar-citasi/,18,1815,0.99%,6.57
https://kartonpiyerdeposu.com/iletisim/,18,1540,1.17%,5.18
https://kartonpiyerdeposu.com/tag/poluretan/,18,616,2.92%,5.03
https://kartonpiyerdeposu.com/tag/en-guzel-tavan-lamba-gobegi/,17,1039,1.64%,6.78
https://kartonpiyerdeposu.com/poliuretan-kiris/,17,411,4.14%,8.47
https://kartonpiyerdeposu.com/tag/duvar-citasi-fiyati/,16,1053,1.52%,8.45
https://kartonpiyerdeposu.com/author/wpntr/page/2/,16,262,6.11%,6.66
https://kartonpiyerdeposu.com/boyanabilir-poliuretan-cita/,15,2887,0.52%,5.15
https://kartonpiyerdeposu.com/tag/poliuretan-ita-ankara/,15,292,5.14%,10.31
https://kartonpiyerdeposu.com/category/duvar-citalari-poliuretan-duvar-citasi/poliuretan-cita-duz-poliuretan-cita/page/2/,13,1324,0.98%,3.28
https://kartonpiyerdeposu.com/duvar-cita-kosesi/,12,1214,0.99%,2.89
https://kartonpiyerdeposu.com/duvar-citasi-ankara/,12,453,2.65%,18.74
https://kartonpiyerdeposu.com/tag/poluretan-elektrikli-somine/,12,201,5.97%,6.44
https://kartonpiyerdeposu.com/duvar-citasi-istanbul/,10,514,1.95%,5.7
https://kartonpiyerdeposu.com/poliuretan-uygulama-ustasi/,10,364,2.75%,9.76
https://kartonpiyerdeposu.com/category/duvar-citalari-poliuretan-duvar-citasi/poliuretan-duvar-citasi/page/2/,9,691,1.3%,9.69
https://kartonpiyerdeposu.com/tavan-kubbe-modelleri/,9,548,1.64%,7.2
https://kartonpiyerdeposu.com/tag/duvar-cita-resimleri/,8,2054,0.39%,4.48
https://kartonpiyerdeposu.com/category/duvar-citalari-poliuretan-duvar-citasi/duvar-citasi/page/2/,8,543,1.47%,11.99
https://kartonpiyerdeposu.com/tag/poluretan-tavan-gobegi/,8,267,3%,16.37
https://kartonpiyerdeposu.com/istanbul-duvar-cita-ustasi/,7,1580,0.44%,10.58
https://kartonpiyerdeposu.com/tag/modern-tavan-lamba-gobegi/,7,559,1.25%,6.08
https://kartonpiyerdeposu.com/kartonpiyer-duvar-citasi/,6,4242,0.14%,3.62
https://kartonpiyerdeposu.com/istanbul-duvar-citasi/,6,2225,0.27%,6.37
https://kartonpiyerdeposu.com/dekorasyon-urunleri-imalat-satis-ve-uygulama/page/3/,6,457,1.31%,19.77
https://kartonpiyerdeposu.com/uygulama-ve-poliuretan-montaji/,5,9497,0.05%,10.4
https://kartonpiyerdeposu.com/tag/duvar-dekorasyon-modelleri/,5,2663,0.19%,3.75
https://kartonpiyerdeposu.com/tag/poliuretan-duvar-cita-fiyatlari/,5,507,0.99%,8.24
https://kartonpiyerdeposu.com/tag/yuvarlak-tavan-kubbesi/,5,329,1.52%,3.92
https://kartonpiyerdeposu.com/tag/stropiyer-duvar-citasi/,5,266,1.88%,33.81
https://kartonpiyerdeposu.com/tag/tavan-kubbe-modelleri/,4,671,0.6%,3.4
https://kartonpiyerdeposu.com/category/boyanabilir-poliuretan-cita/,4,385,1.04%,22.4
https://kartonpiyerdeposu.com/tag/duvar-citasi-ureticisi/,4,287,1.39%,7.8
https://kartonpiyerdeposu.com/tag/bacasiz-poliuretan-somine/,4,138,2.9%,11.07
https://kartonpiyerdeposu.com/category/poliuretan-dekorasyon-mmodelleri/page/2/,4,132,3.03%,11.31
https://kartonpiyerdeposu.com/category/duvar-citalari-poliuretan-duvar-citasi/oturma-odasi-duvar-citasi-tasarimi/,3,1353,0.22%,5.27
https://kartonpiyerdeposu.com/tag/duvar-cita-uygulamasi/,3,949,0.32%,6
https://kartonpiyerdeposu.com/dekorasyon-urunleri-imalat-satis-ve-uygulama/page/2/,3,616,0.49%,7.46
https://kartonpiyerdeposu.com/tag/duvar-cita-kaplama/,3,470,0.64%,6.27
https://kartonpiyerdeposu.com/tag/poliuretan-cita-kosesi/,3,189,1.59%,13.52
https://kartonpiyerdeposu.com/tag/izmir-duvar-citasi/,3,168,1.79%,8.5
https://kartonpiyerdeposu.com/tag/rustik-ahsap-kiris/,3,98,3.06%,16.93
https://kartonpiyerdeposu.com/category/poliuretan-dekorasyon-mmodelleri/page/3/,2,769,0.26%,5.93
https://kartonpiyerdeposu.com/author/mecit/,2,681,0.29%,3.66
https://kartonpiyerdeposu.com/author/wpntr/,2,340,0.59%,2.1
https://kartonpiyerdeposu.com/tag/poliuretan-duvar-suslemeleri/,2,281,0.71%,2.97
https://kartonpiyerdeposu.com/tag/poluretan-duvar-cita-ve-kose-modelleri/,2,177,1.13%,4.84
https://kartonpiyerdeposu.com/poliuretan-rustik-ahsap-kiris/,2,147,1.36%,12.8
https://kartonpiyerdeposu.com/tag/poliuretan-ahsap-kutuk/,2,95,2.11%,18.56
https://kartonpiyerdeposu.com/tag/rustik-ahsap-kutuk/,2,95,2.11%,51.93
https://kartonpiyerdeposu.com/tag/poliuretan-cita-fiyatlari/,2,89,2.25%,22.82
https://kartonpiyerdeposu.com/tag/ahsap-gorunumlu-kutuk/,2,84,2.38%,12.45
https://kartonpiyerdeposu.com/tag/desenli-tavan-gobegi/,2,82,2.44%,21.78
https://kartonpiyerdeposu.com/tag/poliuretan-dis-cephe-ustasi/,2,81,2.47%,21.2
https://kartonpiyerdeposu.com/ahsap-gorunumlu-kiris/,2,78,2.56%,22.03
https://kartonpiyerdeposu.com/category/odun-gorunumlu-poliuretan-kutuk/,2,67,2.99%,23.09
https://kartonpiyerdeposu.com/tag/poliuretan-citasi/,2,66,3.03%,12.53
https://kartonpiyerdeposu.com/tag/tavan-ahsap-gorunumlu-kutuk/,2,58,3.45%,9.93
https://kartonpiyerdeposu.com/poliuretan-kutuk-fiyatlari/,2,51,3.92%,21.02
https://kartonpiyerdeposu.com/tag/poliuretan-duvar-citasi-kosesi/,2,30,6.67%,16.97
https://kartonpiyerdeposu.com/tag/desenli-duvar-citasi-kosesi/,2,19,10.53%,6.79
https://kartonpiyerdeposu.com/yatak-odasi-duvar-dekorasyonu/,1,1500,0.07%,17.04
https://kartonpiyerdeposu.com/category/modern-yatak-odasi-dekorasyonu/,1,693,0.14%,6.09
https://kartonpiyerdeposu.com/tag/duvar-dekorasyonu/,1,598,0.17%,9.02
https://kartonpiyerdeposu.com/tag/duz-duvar-cita-kosesi/,1,355,0.28%,2.17
https://kartonpiyerdeposu.com/tag/duvar-citalama/,1,355,0.28%,7.93
https://kartonpiyerdeposu.com/category/duvar-citalari-poliuretan-duvar-citasi/poliuretan-duz-cita/page/2/,1,293,0.34%,5.36
https://kartonpiyerdeposu.com/tag/yatak-basi-duvar-citasi/,1,259,0.39%,21.91
https://kartonpiyerdeposu.com/tag/duvar-citasi-istanbul/,1,220,0.45%,8.96
https://kartonpiyerdeposu.com/tag/ucuz-duvar-citasi/,1,169,0.59%,6.18
https://kartonpiyerdeposu.com/tag/duvar-cita-uygulama-videosu/,1,151,0.66%,7.23
https://kartonpiyerdeposu.com/tag/en-guzel-poliuretan-cita-koseleri/,1,131,0.76%,3.27
https://kartonpiyerdeposu.com/tag/oval-tavan-kubbesi/,1,120,0.83%,4.79
https://kartonpiyerdeposu.com/tag/poliuretan-duvar-citasi/page/2/,1,115,0.87%,14.63
https://kartonpiyerdeposu.com/wp-content/uploads/2019/02/poluretan-çıta-bordür-montaj-uygulama-ustası-2.jpg,1,100,1%,15.95
https://kartonpiyerdeposu.com/tag/duvar-cita-kaplama-fiyati/,1,84,1.19%,6.8
https://kartonpiyerdeposu.com/category/poliuretan-kiris/,1,59,1.69%,12.59
https://kartonpiyerdeposu.com/category/kartonpiyer/poliuretan-kartonpiyer/,1,55,1.82%,36.91
https://kartonpiyerdeposu.com/wp-content/uploads/2020/08/kd-641-çiçek-desenli-tavan-göbeği-oyma-tavan-göbeği-sert-kartonpiyer-göbek-modelleri-resimleri-fiyatları-en-güzel-tavan-göbeği-modelleri-resimleri-fiyatları.png,1,46,2.17%,18.74
https://kartonpiyerdeposu.com/tag/duvar-cita-uygulama/,1,40,2.5%,26.38
https://kartonpiyerdeposu.com/tag/poliuretan-bordur/,1,33,3.03%,15.03
https://kartonpiyerdeposu.com/tag/yatak-odasi-dekorasyonu/,1,28,3.57%,4.68
https://kartonpiyerdeposu.com/tag/dumansiz-somine/,1,24,4.17%,34.75
https://kartonpiyerdeposu.com/tag/polimer-cita/,1,23,4.35%,42.22
https://kartonpiyerdeposu.com/tag/istanbul-duvar-citasi/,1,21,4.76%,16.71
https://kartonpiyerdeposu.com/portfolio_skills/htmlcss/,1,14,7.14%,8.79
https://kartonpiyerdeposu.com/tag/poliuretan-mertek-fiyatlari/,1,10,10%,12.2
https://kartonpiyerdeposu.com/tag/poliuretan-duz-cita-modelleri/,1,5,20%,23
https://kartonpiyerdeposu.com/tag/duz-alci-cita/,1,3,33.33%,6
https://kartonpiyerdeposu.com/category/desenli-duvar-citasi-kosesi/,1,3,33.33%,29.33
https://kartonpiyerdeposu.com/tag/istanbul-cita-imalatcisi/,1,1,100%,11
https://kartonpiyerdeposu.com/tag/yatak-odasi-duvar-cita-modelleri/,0,477,0%,25.17
https://kartonpiyerdeposu.com/wp-content/uploads/2019/02/poluretan-çıta-bordür-montaj-uygulama-ustası-1-600x450.jpg,0,194,0%,16.71
https://kartonpiyerdeposu.com/dekorasyon-urunleri-imalat-satis-ve-uygulama/page/4/,0,162,0%,11.6
https://kartonpiyerdeposu.com/wp-content/uploads/2024/09/KD-85202-led-isikli-hazir-poliuretan-modelleri-resimleri-fiyatlari-gizli-isik-led-isik-hazir-kartonpiyer-stropiyer-modelleri-kopuk-isikli-alcipan-tavan-dekorasyonu-1024x1024.png,0,140,0%,13.76
https://kartonpiyerdeposu.com/wp-content/uploads/2024/10/ahsap-tavan-dekorasyonu-tasarimi-tavan-kutugu-modelleri-resimleri-fiyatlari-dogal-ev-koy-evi-kutuk-mertek-kiris-sove.jpeg,0,112,0%,18.84
https://kartonpiyerdeposu.com/wp-content/uploads/2022/03/poliuretan-kutuk-imalati-poliuretan-kiris-imalati-poliuretan-mertek-imalati-satis-ahsap-gorunum-kutuk-modelleri-poliuretan-kutuk-renkleri-modelleri-mertek-fiyatlari-1024x768-1.png,0,108,0%,14.44
https://kartonpiyerdeposu.com/tag/2020-kartonpiyer-modelleri/,0,94,0%,13.55
https://kartonpiyerdeposu.com/wp-content/uploads/2022/03/poliuretan-kutuk-imalati-poliuretan-kiris-imalati-poliuretan-mertek-imalati-satis-ahsap-gorunum-kutuk-modelleri-poliuretan-kutuk-renkleri-istanbul-rustik-ahsap-kiris-1-768x1024-1.png,0,90,0%,14.28
https://kartonpiyerdeposu.com/wp-content/uploads/2024/09/KD-6012-led-isik-kartonpiyer-poliuretan-kopuk-polimer-isikli-kartonpiyer-tavan-isik-kose-kartonpiyeri-modelleri-resim-fiyat.png,0,90,0%,16.24
https://kartonpiyerdeposu.com/wp-content/uploads/2019/02/poluretan-çıta-bordür-montaj-uygulama-ustası-1.jpg,0,84,0%,15.11
https://kartonpiyerdeposu.com/wp-content/uploads/2018/10/Tavan-göbeği.jpg,0,82,0%,10.74
https://kartonpiyerdeposu.com/tag/polimol/,0,78,0%,8.97
https://kartonpiyerdeposu.com/tag/yatak-odasi-duvar-cita-kaplama/,0,77,0%,6.06
https://kartonpiyerdeposu.com/tag/rustik-ahsap-mertek/,0,75,0%,26.71
https://kartonpiyerdeposu.com/wp-content/uploads/2019/03/alçı-kartonpiyer-krtonpiyer-istanbul-kartonpiyer-modelleri-kartonpiyer-resimleri-tavan-alçı-kartonpiyer-istanbul-kartonpiyer-fiyatları.png,0,73,0%,13.44
https://kartonpiyerdeposu.com/wp-content/uploads/2022/03/cathedral-ceiling-highlights-what-they-are-and-poliuretan-kiris-poliuretan-mertek-poliuretan-kutuk-modelleri-resimleri-fiyatlari-istanbul-mugla-manisa-izmir-antalya-poliuretan-1024x632-1.png,0,72,0%,12.9
https://kartonpiyerdeposu.com/tag/istanbul-tavan-ahsap-kutuk/,0,69,0%,85.96
https://kartonpiyerdeposu.com/author/wpntr/page/3/,0,68,0%,14.31
https://kartonpiyerdeposu.com/tag/yatak-odasi-duvar-citasi/,0,63,0%,16.33
https://kartonpiyerdeposu.com/tag/poliuretan-cita/page/2/,0,62,0%,25.24
https://kartonpiyerdeposu.com/category/kartonpiyer/,0,61,0%,29.62
https://kartonpiyerdeposu.com/tag/duvar-citasi-nasil-yapistirilir/,0,57,0%,12.25
https://kartonpiyerdeposu.com/wp-content/uploads/2020/08/kd-150-poliuretan-kartonpiyer-göbek-modelleri-resimleri-fiyatları-strafor-tavan-göbeği-polure-tavan-göbeği-modelleri-dikdörtgen-modelleri-resimleri-istanbul-1.png,0,56,0%,18.07
https://kartonpiyerdeposu.com/wp-content/uploads/2023/04/somine-modelleri-dekoratif-elektrikli-bacasiz-dumansiz-somine-modelleri-resimleri-fiyatlari-dekor-somineler-gorsel.png,0,54,0%,16.22
https://kartonpiyerdeposu.com/tag/villa-tavani/,0,53,0%,8.13
https://kartonpiyerdeposu.com/wp-content/uploads/2024/09/KD-6014-led-isik-kartonpiyer-modelleri-stropiyer-fiyatlari-poliuretan-gizliisik-tavan-isik-bandi-modelleri-fiyatlari-resimleri-1024x1024.png,0,49,0%,13.31
https://kartonpiyerdeposu.com/wp-content/uploads/2019/03/alçı-cıta-alçı-duvar-çıtası-alçı-çıta-istanbul-alçı-çıta-köşesi-duvar-çıtası-poliuretan-çıta-duvar-çıtalama-alçı-duvar-çıta-kaplama-istanbul-poliuretan-çıta.png,0,48,0%,14.27
https://kartonpiyerdeposu.com/tag/poliuretan-kutuk-fiyatlari/,0,46,0%,23.2
https://kartonpiyerdeposu.com/category/poliuretan-uygulama-ustasi/,0,45,0%,16.11
https://kartonpiyerdeposu.com/wp-content/uploads/2024/09/KD-6013-poliuretan-kartonpiyer-isikli-ledli-model-en-guzel-luxury-cornice-led-light-models-images-decorative-modeller-1024x1024.png,0,44,0%,12.34
https://kartonpiyerdeposu.com/tag/yatak-odasi-duvar-dekorasyonu/,0,42,0%,56.26
https://kartonpiyerdeposu.com/wp-content/uploads/2024/09/KD-60146-gizli-isik-kopuk-kartonpiyer-modelleri-tavan-isik-bandi-fiyatlari-hazir-isik-bandi-modelleri-resimleri-fiyatlari-isikli-kartonpiyer-1024x1024.png,0,41,0%,12.07
https://kartonpiyerdeposu.com/tag/poliuretan-somine/,0,40,0%,14.6
https://kartonpiyerdeposu.com/wp-content/uploads/2020/09/4cm-duvar-çıtası-poliuretan-duvar-çıta-decorasyon-salon-duva-çıtası-yatak-odası-koridor-duvar-çıtası-modelleri-resimleri-fiyatları.jpg,0,39,0%,20.1
https://kartonpiyerdeposu.com/wp-content/uploads/2019/02/poluretan-çıta-bordür-montaj-uygulama-ustası-1-1200x900.jpg,0,39,0%,21.72
https://kartonpiyerdeposu.com/tag/poliuretan-kiris/,0,39,0%,24.69
https://kartonpiyerdeposu.com/wp-content/uploads/2019/02/en-güzel-duvar-çıtası-modeli-600x600.png,0,36,0%,19.92
https://kartonpiyerdeposu.com/wp-content/uploads/2019/03/poliüretan-uygulama-ustası.png,0,35,0%,17.6
https://kartonpiyerdeposu.com/tag/boyanabilir-poliuretan-cita/,0,35,0%,34.03
https://kartonpiyerdeposu.com/wp-content/uploads/2019/03/poliüretan-uygulama-ustası-600x600.png,0,34,0%,19.29
https://kartonpiyerdeposu.com/wp-content/uploads/2023/02/poliuretan-cita-imalati-duvar-citasi-modelleri-resimleri-fiyatlari-polimer-citasi-boyanabilir-cita-yapistirma.jpg,0,34,0%,19.29
https://kartonpiyerdeposu.com/wp-content/uploads/2023/02/poliuretan-kiris-poliuretan-mertek-poliuretan-kutuk-modelleri-fiyatlari-resimleri-768x1024.jpg,0,32,0%,15.06
https://kartonpiyerdeposu.com/tag/koy-evi/,0,32,0%,15.16
https://kartonpiyerdeposu.com/wp-content/uploads/2019/03/cita-modelleri-istanbul.png,0,32,0%,21.94
https://kartonpiyerdeposu.com/tag/poliuretan-ustasi/,0,31,0%,11.29
https://kartonpiyerdeposu.com/poliuretan-sove/kd-2837-poliuretan-tac-sove-sutun-dis-cephe-modelleri-resimleri-fiyatlari-kapi-pencere-sovesi-kapi-sovesi-taci-prekast-cephe-kaplama-modelleri-erzurum/,0,31,0%,18.81
https://kartonpiyerdeposu.com/tag/poliuretan-duz-cita/,0,27,0%,13.52
https://kartonpiyerdeposu.com/wp-content/uploads/2024/09/KD-6015-poliuretan-stropiyer-isik-bandi-modelleri-kopuk-led-isik-modelleri-resimleri-fiyatlari-alcipan-kutu-bandi-modelleri-resimleri-fiyatlari-modern-1024x1024.png,0,26,0%,15.23
https://kartonpiyerdeposu.com/poliuretan-desenli-kartonpiyer-modelleri/,0,25,0%,39.92
https://kartonpiyerdeposu.com/tag/tavan-tasarimi/,0,24,0%,12.62
https://kartonpiyerdeposu.com/wp-content/uploads/2020/09/poliuretan-cita-kösesi-modelleri-citalama-cita-calismasi-duvar-citasi-resimleri-fiyatları-desenli-duz-poliuretan-citalar-823x1024.png,0,23,0%,14.39
https://kartonpiyerdeposu.com/tag/poliuretan-kiris-ustasi/,0,22,0%,7.14
https://kartonpiyerdeposu.com/26200-2/,0,22,0%,14.45
https://kartonpiyerdeposu.com/wp-content/uploads/2022/05/KD-82262.png,0,22,0%,15.64
https://kartonpiyerdeposu.com/tag/poliuretan-mertek/,0,22,0%,17.32
https://kartonpiyerdeposu.com/wp-content/uploads/2019/03/poliuretan-duvar-çıtası-poliuretan-duvar-çıtaları-en-güzel-duvar-çıta-modelleri-duvar-çıtalama-duvar-çıta-uygulaması-duvar-çıta-çerçeve-modelleri.png,0,22,0%,21.18
https://kartonpiyerdeposu.com/tag/poliuretan-cita-fiyatlari-2/,0,21,0%,28.95
https://kartonpiyerdeposu.com/wp-content/uploads/2023/01/poliuretan-kiris-poliuretan-mertek-poliuretan-kutuk-modelleri-resimleri-fiyatlari-istanbul-mugla-manisa-izmir-antalya-poliuretan-travers-modelleri-kopuk-sove-kutuk-scaled.jpg,0,19,0%,15.89
https://kartonpiyerdeposu.com/wp-content/uploads/2024/09/KD-60151-kartonpiyer-led-aydinlatma-ledli-poliuretan-stropiyer-kartonpiyer-hazir-kartonpiyer-modelleri-resimleri-fiyatlari-1024x1024.png,0,18,0%,13.94
https://kartonpiyerdeposu.com/tag/duvar-cita-fiyati/,0,18,0%,16.72
https://kartonpiyerdeposu.com/wp-content/uploads/2019/03/duz-duvar-citasi-desenli-duvar-citasi-motifli-duvar-citasi-poliuretan-cita-alci-cita-fiyatlari-resimleri-modelleri-1.png,0,17,0%,15.82
https://kartonpiyerdeposu.com/wp-content/uploads/2022/01/poliuretan-duvar-tavan-susleri-susleme-poliuretan-dekorasyon-urunleri-dekorasyonu-modelleri-resimleri.png,0,17,0%,19.71
https://kartonpiyerdeposu.com/tag/poliuretan-sutun-ustasi/,0,16,0%,4.69
https://kartonpiyerdeposu.com/tag/poliuretan-yapistirici-hangisi/,0,16,0%,6.12
https://kartonpiyerdeposu.com/tag/villaa-ahsap-tavan/,0,16,0%,6.25
https://kartonpiyerdeposu.com/wp-content/uploads/2021/08/avize-gobegi-avize-tavan-gobegi-modelleri-resimleri-fiyatlari-modelleri-en-poliuretan-tavan-gobegi-modelleri-poluretan-gobek-modelleri-fiyatlari.jpg,0,16,0%,15
https://kartonpiyerdeposu.com/tag/kare-tavan-kubbesi/,0,16,0%,15.19
https://kartonpiyerdeposu.com/wp-content/uploads/2024/09/KD-6012-led-isik-kartonpiyer-poliuretan-kopuk-polimer-isikli-kartonpiyer-tavan-isik-kose-kartonpiyeri-modelleri-resim-fiyat-1024x1024.png,0,16,0%,16
https://kartonpiyerdeposu.com/wp-content/uploads/2022/04/poliuretan-kutuk-imalati-poliuretan-kiris-imalati-poliuretan-mertek-imalati-satis-ahsap-gorunum-kutuk-modelleri-poliuretan-kutuk-renkleri-istanbul-rustik-ahsap-kiris.png,0,15,0%,9.93
https://kartonpiyerdeposu.com/wp-content/uploads/2024/09/KD-6010-led-isik-gizli-isik-poliuretan-kopuk-kartonpiyer-modelleri-resimleri-fiyatlari-en-guzel-poliuretan-kaartonpiyer-1024x1024.png,0,14,0%,13.57
https://kartonpiyerdeposu.com/wp-content/uploads/2024/09/KD-6011-led-light-cornice-models-tavan-gizli-led-isik-kartonpiyer-modelleri-resimleri-fiyatlari-en-guzel-modeller-1024x1024.png,0,14,0%,16.14
https://kartonpiyerdeposu.com/wp-content/uploads/2023/03/poliuretan-eps-kopuk-stropiyer-kartonpiyer-taan-gobegi-modelleri-resimleri-fiyatlari-tavan-dekorasyon-modelleri-klasik-dekor-susleme-modelleri.jpeg,0,14,0%,17.43
https://kartonpiyerdeposu.com/author/wpntr/page/4/,0,12,0%,12.58
https://kartonpiyerdeposu.com/wp-content/uploads/2020/09/4cm-duvar-çıtası-poliuretan-duvar-çıta-decorasyon-salon-duva-çıtası-yatak-odası-koridor-duvar-çıtası-modelleri-resimleri-fiyatları-600x400.jpg,0,12,0%,16.75
https://kartonpiyerdeposu.com/wp-content/uploads/2019/02/duvar-citasi-nasıl-yapistirilir-e1551259969459.jpg,0,11,0%,19.73
https://kartonpiyerdeposu.com/wp-content/uploads/2019/03/KD-8511-poliuretan-düz-kartonpiyer-modelleri-en-güzel-kartonpiyer-modelleri-resimleri-fiyatları-duvar-kartonpiyer-modelleri-fiyatları-resimleri.png,0,11,0%,21.73
https://kartonpiyerdeposu.com/wp-content/uploads/2019/03/yatak-odası-duvar-dekorasyonu-yatak-odası-tavan-dekorasyonu-modern-yatak-odası-duvar-dekoru-wall-decor-duvar-çıtalama-duvar-çıta-kaplama-modelleri-en-güzel-duvar-çıtası-modelleri.png,0,11,0%,31.36
https://kartonpiyerdeposu.com/wp-content/uploads/2019/02/oturma-köşesi-salon-duvar-tavan-dekorasyonu.png,0,11,0%,35.27
https://kartonpiyerdeposu.com/tag/poliuretan-kiris-fiyatlari/,0,10,0%,8.1
https://kartonpiyerdeposu.com/wp-content/uploads/2018/10/Tavan-göbeği-600x338.jpg,0,10,0%,11.6
https://kartonpiyerdeposu.com/tag/poliuretan-uygulama-ustasi/,0,10,0%,13.5
https://kartonpiyerdeposu.com/wp-content/uploads/2026/02/elektrikli-bacasiz-dumansiz-dekoratif-ahsap-poliuretan-somine-modelleri-resimleri-fiyatlari-klasik-somine-fireplace-classic-decoration.png,0,10,0%,16.6
https://kartonpiyerdeposu.com/wp-content/uploads/2019/03/Rustik-ahşap-dekorasyon-modelleri-ahşap-kiriş-ahşap-mertek-tavan-dekorasyonu-ahşap-dekorasyon-2.png,0,10,0%,20.8
https://kartonpiyerdeposu.com/tag/eduz-alci-cita-modelleri/,0,10,0%,29.8
https://kartonpiyerdeposu.com/wp-content/uploads/2024/10/koy-evi-tas-ev-modelleri-tavan-ahsap-gorunumlu-kiris-mertek-mdelleri-resimleri-fiyatlari-1024x768.jpeg,0,9,0%,16.33
https://kartonpiyerdeposu.com/wp-content/uploads/2019/03/KD-8533-en-güzel-köşe-kartonpiyer-modelleri-poliuretan-köşe-kartonpiyer-modelleri-resimleri-fiyatları-modern-kartonpiyer-luxury-molding-models.png,0,9,0%,17.33
https://kartonpiyerdeposu.com/02627442578-alci-ve-poliuretan-satis-pazarlama-ve-uygulama-firmasi/,0,9,0%,20.78
https://kartonpiyerdeposu.com/wp-content/uploads/2019/03/başakşehir-duvar-citasi.png,0,9,0%,23.67
https://kartonpiyerdeposu.com/wp-content/uploads/2020/09/boyanabilen-duvar-çıtaları-4cm-duvar-çıta-kaplama-kartonpiyer-duvar-çıtası-poliuretan-duvar-çıtası-boyama-boyanabilen-duvar-çıtası-4cm-duvar-çıta.png,0,9,0%,31.78
https://kartonpiyerdeposu.com/tag/poliuretan-tavan-kubbesi/,0,8,0%,13.5
https://kartonpiyerdeposu.com/tag/ahsap-kaplama/,0,8,0%,23
https://kartonpiyerdeposu.com/wp-content/uploads/2019/02/en-güzel-duvar-çıtası-modeli.png,0,7,0%,14
https://kartonpiyerdeposu.com/wp-content/uploads/2019/02/Poluretan-tavan-duvar-Çıta-modeli-ve-Çıta-Köşeleri-Fiyatları-Modelleri-Çeşitleri-resimleri.png,0,7,0%,17.29
https://kartonpiyerdeposu.com/wp-content/uploads/2019/03/tavan-kubbe-poliuretan-kubbe-poliuretan-tavan-kubbe-fiyatlari-kubbe-modelleri.png,0,7,0%,17.86
https://kartonpiyerdeposu.com/wp-content/uploads/2020/09/KD-82251-iyonik-dorik-tuscan-kompozit-roma-yunan-korint-düz-poliuretan-sütun-plaster-sütun-başlığı-düz-sütun-gövdesi-modelleri-resimleri-fiyatları-decorpu-dış-cephe-dekorasyonu.png,0,7,0%,18.29
https://kartonpiyerdeposu.com/wp-content/uploads/2019/03/alçı-dekorasyon-ürünleri-alçı-çıta-alçı-kartonpiyer-alçı-göbek-alçı-bordur-alçı-sutun-duvar-çıtası-tavan-çıtası-fiyatları-poliuretan-çıta.png,0,7,0%,21.57
https://kartonpiyerdeposu.com/wp-content/uploads/2019/03/poliüretan-kütük-ahşap-kiriş-fikirleri-kiriş-kütük-mertek-fiyatları.png,0,7,0%,25
https://kartonpiyerdeposu.com/wp-content/uploads/2019/03/dekoratif-modeller-tavan-dekorasyonu-poliuretan-kartonpiyer-poliuretan-çıta-poliuretan-gobek-poliuretan-tavan-çıta-modelleri-duvar-dekorasyonu-tavan-dekorasyonu.png,0,7,0%,33.71
https://kartonpiyerdeposu.com/tag/ahsap-gorunumlu-kutuk-fiyatlari/,0,7,0%,40.43
https://kartonpiyerdeposu.com/tag/en-guzel-poliuretan-cita-modelleri/,0,7,0%,93.14
https://kartonpiyerdeposu.com/wp-content/uploads/2019/10/Poluretan-tavan-duvar-Çıta-modeli-ve-Çıta-Köşeleri-Fiyatları-Modelleri-Çeşitleri-resimleri-600x600.png,0,6,0%,17
https://kartonpiyerdeposu.com/wp-content/uploads/2019/10/boyanabilir-poliuretan-boyanabilir-duvar-çıtası-modelleri-resimleri-fiyatları-en-güzel-duvar-çıtası-modelleri-en-güzel-fiyatları-silinebilir-çıta-e1570045779248-500x383.png,0,6,0%,19.67
https://kartonpiyerdeposu.com/wp-content/uploads/2019/02/poluretan-duvar-çıtası-modelleri.jpg,0,6,0%,23.67
https://kartonpiyerdeposu.com/tag/ev-tavan-gobegi/,0,6,0%,62.67
https://kartonpiyerdeposu.com/tag/duvar-cita-kosesi/,0,5,0%,12.6
https://kartonpiyerdeposu.com/wp-content/uploads/2022/01/poliuretan-payanda-korbel-corbel-kapi-pencere-sove-payandasi-oyma-payanda-modelleri-resimleri-fiyatlari-1.png,0,5,0%,19.6
https://kartonpiyerdeposu.com/wp-content/uploads/2023/01/poliuretan-kiris-istanbul-poliuretan-mertek-poliuretan-rustik-kiris-poliuretan-rustik-mertek-ahsap-kiris-modelleri-ahsap-gorunumlu-poliuretan-kiris-fiyatlari-kutuk--scaled.jpg,0,5,0%,21.4
https://kartonpiyerdeposu.com/wp-content/uploads/2019/03/KD-8545-düz-köpük-kartonpiyer-eps-poliuretan-kartonpiyer-modelleri-resimleri-fiyatları-duvar-kartonpiyer-modelleri-resimleri-dekorasyon-kartonpiyer-modelleri-salon-oturma-.png,0,5,0%,25.4
https://kartonpiyerdeposu.com/tag/istanbul-poliuretan-kiris/,0,4,0%,8.25
https://kartonpiyerdeposu.com/wp-content/uploads/2019/03/poliüretan-duz-cita-istanbul.png,0,4,0%,20.25
https://kartonpiyerdeposu.com/wp-content/uploads/2024/10/ahsap-tavan-dekorasyonu-tasarimi-tavan-kutugu-modelleri-resimleri-fiyatlari-dogal-ev-koy-evi-kutuk-mertek-kiris-sove-768x1024.jpeg,0,4,0%,20.25
https://kartonpiyerdeposu.com/poliuretan-sove/kd-8450-15-poliuretan-bina-dis-ceph-kaplama-pencere-kenari-pervazi-sovesi-cercevesi-modelleri-resimleri-fiyatlari-suya-dayanikli-sert/,0,4,0%,21.5
https://kartonpiyerdeposu.com/wp-content/uploads/2019/10/boyanabilir-poliuretan-boyanabilir-duvar-çıtası-modelleri-resimleri-fiyatları-en-güzel-duvar-çıtası-modelleri-en-güzel-fiyatları-silinebilir-çıta-2.png,0,4,0%,22.25
https://kartonpiyerdeposu.com/wp-content/uploads/2022/08/asimetrik-duvar-citasi-modelleri--scaled.jpg,0,4,0%,24
https://kartonpiyerdeposu.com/wp-content/uploads/2022/08/poliuretan-cita-duvar-citasi-cercevesi-modelleri-duz-modern-cauntry-duvar-citalama--scaled.jpg,0,4,0%,24.5
https://kartonpiyerdeposu.com/wp-content/uploads/2020/12/boyanabilir-duvar-citasi-poliuretan-çıta-modelleri-resimleri-duvar-çıtası-düz-çıta-istanbul-duvar-çıtalama-3-1024x683.jpg,0,4,0%,27.5
https://kartonpiyerdeposu.com/tag/eskitme-kutuk/,0,4,0%,31.5
https://kartonpiyerdeposu.com/wp-content/uploads/2021/08/KD-87125-duz-duvar-citasi-poliuretan-duvar-citasi-boyanabilien-duvar-citasi-boyanabilir-duvar-citasi-en-guzel-duvar-citasi-modelleri-5cm-cita.png,0,3,0%,9.33
https://kartonpiyerdeposu.com/wp-content/uploads/2022/04/poliuretan-kiris-poliuretan-mertek-poliuretan-kutuk-travers-modelleri-resimleri-fiyatlari-kopuk-kutuk-modelleri-462x1024.jpg,0,3,0%,10
https://kartonpiyerdeposu.com/wp-content/uploads/2020/09/KD-82234-Ion-Roman-Greek-column-plaster-column-header-plain-column-header-models-resimleri-prices-decorpu-iyon-roma-yunan-sütun-plaster-sütun-başlığı-düz-sütun-başlığı-modelleri-resimler.png,0,3,0%,14.33
https://kartonpiyerdeposu.com/wp-content/uploads/2019/10/Poluretan-tavan-duvar-Çıta-modeli-ve-Çıta-Köşeleri-Fiyatları-Modelleri-Çeşitleri-resimleri.png,0,3,0%,14.67
https://kartonpiyerdeposu.com/wp-content/uploads/2019/03/KD-8594-düz-poliuretan-kartonpiyer-fiyatları-bolu-kartonpiyer-modelleri-samsun-kartonpiyer-modelleri-resimleri-1.png,0,3,0%,15.67
https://kartonpiyerdeposu.com/wp-content/uploads/2020/12/merdiven-duvar-çıtası-çıtalama-çıta-kaplama-poliuretan-duvar-çıtası-modelleri-resimleri-fiyatları-en-güzel-duvar-çıtası-modelleri-duvar-dekorasyonu-1-1024x683.jpg,0,3,0%,18.33
https://kartonpiyerdeposu.com/wp-content/uploads/2024/10/rustik-ahsap-tavan-tavan-mertegi-kutugu-kirisi-villa-tavani-izmir-bursa-istanbul-mugla-manisa-balikesir-819x1024.jpg,0,3,0%,18.33
https://kartonpiyerdeposu.com/poliuretan-sove/kd-8450-360-poliuretan-bina-susleri-susleme-modelleri-resimleri-fiyatlari-poliuretan-sove-modelleri-resimleri-en-guzel-sove-modelleri/,0,3,0%,23
https://kartonpiyerdeposu.com/wp-content/uploads/2019/02/iç-dekorasyon-modelleri-resimleri.png,0,3,0%,26
https://kartonpiyerdeposu.com/wp-content/uploads/2019/02/poluretan-çıta-bordür-montaj-uygulama-ustası-2-1024x768.jpg,0,3,0%,27.33
https://kartonpiyerdeposu.com/wp-content/uploads/2019/03/yatak-odası-duvar-çıtas-.png,0,3,0%,29
https://kartonpiyerdeposu.com/poliuretan-sove/kd-8450-300/,0,3,0%,32
https://kartonpiyerdeposu.com/tag/duvar-cita-kaplama-ustasi/,0,3,0%,32
https://kartonpiyerdeposu.com/wp-content/uploads/2019/02/poluretan-duvar-tavan-çıta-montajuygulaması-1.jpg,0,3,0%,33
https://kartonpiyerdeposu.com/poliuretan-supurgelik/pu910/,0,3,0%,34.67
https://kartonpiyerdeposu.com/tag/poliuretan-cita-cesitleri/,0,2,0%,3
https://kartonpiyerdeposu.com/wp-content/uploads/2019/03/Poluretan-tavan-çıtası-duvar-çıtası-ve-Köşeleri-Fiyatları-Modelleri-resimleri-1.png,0,2,0%,3
https://kartonpiyerdeposu.com/wp-content/uploads/2018/11/tavan-tasarım-ve-ışıklandırma.jpg,0,2,0%,5.5
https://kartonpiyerdeposu.com/wp-content/uploads/2019/02/AG8710-alçı-duvar-çıtası-alçı-tavan-çıtası-poliüretan-duvar-çıtası-poliüretan-tavan-çıtası-istanbul-duvar-çıtası-izmir-çıta-kocaeli-duvar-çıtası-modeli-fiyatı.png,0,2,0%,5.5
https://kartonpiyerdeposu.com/tag/poliuretan-kiris-2/,0,2,0%,7.5
https://kartonpiyerdeposu.com/wp-content/uploads/2019/10/duvar-çıta-köşesi-poliuretan-çıta-köşesi-modelleri-fiyatları-duvar-desenli-çıta-köşesi-düz-duvar-çıtası-köşe-istanbul-1024x1024.png,0,2,0%,7.5
https://kartonpiyerdeposu.com/wp-content/uploads/2019/03/yatak-odası-duvar-dekorasyonu.png,0,2,0%,9
https://kartonpiyerdeposu.com/wp-content/uploads/2019/03/poliüretan-dekorasyon-ustası.png,0,2,0%,9.5
https://kartonpiyerdeposu.com/wp-content/uploads/2019/03/istanbul-poliuretan-cita-imalatcisi-1.png,0,2,0%,12
https://kartonpiyerdeposu.com/wp-content/uploads/2019/02/duvar-çıtası-duvar-çıtaları-duvar-çıtası-dekorasyonu-duvar-çıtası-uygulama.png,0,2,0%,12.5
https://kartonpiyerdeposu.com/wp-content/uploads/2019/02/poluretan-çıta-bordür-montaj-uygulama-ustası-1-1024x768.jpg,0,2,0%,12.5
https://kartonpiyerdeposu.com/wp-content/uploads/2019/03/Poluretan-tavan-çıtası-duvar-çıtası-Çıtaları-ve-Çıta-Köşeleri-Fiyatları-Modelleri-resimleri.png,0,2,0%,14
https://kartonpiyerdeposu.com/wp-content/uploads/2019/02/mutfak-duvar-çıtası-modelleri-1.png,0,2,0%,15.5
https://kartonpiyerdeposu.com/wp-content/uploads/2023/03/KD-82261.png,0,2,0%,16.5
https://kartonpiyerdeposu.com/wp-content/uploads/2022/05/KD-82263-Ionic-doric-tuscan-composite-roman-greek-Corinth-plain-polyurethane-plaster-column-capital-plain-column-body-models-pictures-prices-decorpu-poliuretan-plaster-sutun.png,0,2,0%,18
https://kartonpiyerdeposu.com/wp-content/uploads/2023/02/decorpu-duvar-citasi-duvar-cercevesi-modelleri-resimleri-fiyatlari-poliuretan-duvar-citasi-modelleri-resimleri-fiyatlari-en-guzel-modeller-1024x767.jpg,0,2,0%,18
https://kartonpiyerdeposu.com/poliuretan-sove/kd-8450-350-kat-silmesi-poliuretan-sove-bina-sovesi-kapi-sovesi-pencere-sovesi-modelleri-fiyatlarien-guzel-sove-modelleri/,0,2,0%,18.5
https://kartonpiyerdeposu.com/wp-content/uploads/2019/02/poluretan-çıta-bordür-montaj-uygulama-ustası-2-600x450.jpg,0,2,0%,19.5
https://kartonpiyerdeposu.com/wp-content/uploads/2020/09/KD-8303-a24-düğün-salonu-sütun-modelleri-resimleri-dilimli-sütun-modelleri-kaartonpiyer-sütun-modelleri-fiyatları-kartonpiyer-sütun-fiyatları-resimleri-en-sağlam-cephe-kaplama-modelleri-decorpu.png,0,2,0%,19.5
https://kartonpiyerdeposu.com/wp-content/uploads/2021/12/poliuretan-kiris-poliuretan-mertek-poliuretan-kutuk-modelleri-resimleri-fiyatlari-istanbul-mugla-manisa-izmir-antalya-poliuretan-travers-modelleri-kopuk-sove-kutuk-462x1024.jpg,0,2,0%,19.5
https://kartonpiyerdeposu.com/wp-content/uploads/2018/11/uygulamamontaj-çözüm-önerileri.jpg,0,2,0%,21.5
https://kartonpiyerdeposu.com/wp-content/uploads/2019/02/mutfak-duvar-çıtası-modelleri.png,0,2,0%,21.5
https://kartonpiyerdeposu.com/wp-content/uploads/2020/03/boyanabilir-duvar-citasi-poliuretan-çıta-modelleri-resimleri-duvar-çıtası-düz-çıta-istanbul-duvar-çıtalama-1024x768.png,0,2,0%,22
https://kartonpiyerdeposu.com/wp-content/uploads/2019/03/yatak-odası-duvar-dekorasyonu-yatak-odası-tavan-dekorasyonu-modern-yatak-odası-duvar-dekoru-wall-decor-duvar-çıtalama-duvar-çıta-kaplama-modelleri-en-güzel-duvar-çıtası-modelleri-600x400.png,0,2,0%,22.5
https://kartonpiyerdeposu.com/wp-content/uploads/2019/02/KD88270-poluretan-desenli-sade-düz-duvar-tavan-kartonpiyer-modelleri-çeşitleri-ürünleri-fiyatları.png,0,2,0%,23
https://kartonpiyerdeposu.com/kd-9946-sove-payaanda-modelleri-cesitleri-fiyatlari-poliuretan-payanda-modelleri-resimleri-en-guzel-payanda-modelleri-duvar-payanda-modelleri-decorasyon-payanda-cesitleri-fiyatlari-resimleri/,0,2,0%,23.5
https://kartonpiyerdeposu.com/wp-content/uploads/2021/12/KD-8710E-desenli-duvar-citasi-kosesi-poliuretan-cita-kosesi-modelleri-resimleri-fiyatlari-poliuretan-cita-modeli-duz-duvar-citsi-duvar-cita-kaplama.png,0,2,0%,23.5
https://kartonpiyerdeposu.com/wp-content/uploads/2019/03/oturma-odası-duvar-tasarımı-oturma-odası-duvar-çıtası-duvar-çıtalama-poliuretan-duvar-çıtası-alçı-duvar-çıtası-en-güzel-duvar-çıtası-oturma-odası-dekorasyonu.png,0,2,0%,25
https://kartonpiyerdeposu.com/wp-content/uploads/2019/03/yatak-odası-dekorasyonu-yatak-odası-tasarım-fikirleri-duvar-çıtalama-duvar-çıta-kaplama-yatak-odası-tasarımları-en-güzel-yatak-odası-tasarımları.png,0,2,0%,33
https://kartonpiyerdeposu.com/wp-content/uploads/2020/04/KD-8403-poliüretan-şömine-modelleri-süsleme-çıta-aksesuar-fiyatları-boyanabilir-ahşap-muadili-dekorasyon-bacasız-şömine-elektrikli-şömine-1.png,0,2,0%,43
https://kartonpiyerdeposu.com/poliuretan-supurgelik/poliuretan-pervaz-supurgelik-skirting-board-baseboard-models-modelleri-resimleri-fiyatlari-en-guzel-modelleri/,0,2,0%,45.5
https://kartonpiyerdeposu.com/wp-content/uploads/2019/03/kartonpiyer-desenli-duz-sade-motifli-kartonpiyer-fiyatlari-e1552378842829.png,0,2,0%,49.5
https://kartonpiyerdeposu.com/tag/duvar-citasi-ustasi/,0,2,0%,51.5
https://kartonpiyerdeposu.com/tag/poluretan-cita/,0,2,0%,61.5
https://kartonpiyerdeposu.com/wp-content/uploads/2019/02/poliuretan-tavan-kubbe-modelleri.jpg,0,1,0%,2
https://kartonpiyerdeposu.com/wp-content/uploads/2019/02/poliüretan-duvar-citasi-nasıl-yapilir-1024x768.jpg,0,1,0%,3
https://kartonpiyerdeposu.com/wp-content/uploads/2019/03/duvar-cita-calismasi-duvar-ciasi-alci-cita-poliuretan-cita-duvar-cita-cerceve-cita-kaplama-modeller-fiyatlari-en-güzel-duvar-cita-resimleri-1.png,0,1,0%,3
https://kartonpiyerdeposu.com/wp-content/uploads/2019/03/Poluretan-tavan-çıtası-duvar-çıtası-ve-Köşeleri-Fiyatları-Modelleri-resimleri.png,0,1,0%,5
https://kartonpiyerdeposu.com/wp-content/uploads/2019/03/duvar-citasi-poluretan-çıt-poliuretan-çıta-modelleri-resimleri-fiyatlari-1.png,0,1,0%,5
https://kartonpiyerdeposu.com/wp-content/uploads/2019/02/tavan-citasi-istanbul.png,0,1,0%,6
https://kartonpiyerdeposu.com/wp-content/uploads/2019/10/Poluretan-tavan-duvar-Çıta-modeli-ve-Çıta-Köşeleri-Fiyatları-Modelleri-Çeşitleri-resimleri-1.png,0,1,0%,6
https://kartonpiyerdeposu.com/poliuretan-somine-modelleri/kd8403-poliuretan-somine-bacasiz-elektrikli-soimne-modelleri-resimleri-fiyatlari-en-guzel-soimne-modelleri-istanbul-kocaeli-pu-dekoratif-isi-veren-somine-fiyati/,0,1,0%,8
https://kartonpiyerdeposu.com/wp-content/uploads/2019/10/Poluretan-tavan-çıtası-duvar-çıtası-Çıtaları-ve-Çıta-Köşeleri-Fiyatları-Modelleri-resimleri.png,0,1,0%,8
https://kartonpiyerdeposu.com/wp-content/uploads/2020/09/boyanabilir-duvar-citasi-poliuretan-çıta-modelleri-resimleri-duvar-çıtası-düz-çıta-istanbul-duvar-çıtalama-1024x683.jpg,0,1,0%,8
https://kartonpiyerdeposu.com/wp-content/uploads/2019/02/şömine-modelleri-resimleri-renkleri-fiyatları.png,0,1,0%,9
https://kartonpiyerdeposu.com/wp-content/uploads/2019/02/tavan-citasi-istanbul-600x600.png,0,1,0%,10
https://kartonpiyerdeposu.com/wp-content/uploads/2021/08/KD6106-poluretan-tavan-bubbe-fiyatlari-modelleri-resimleri.png,0,1,0%,10
https://kartonpiyerdeposu.com/wp-content/uploads/2023/05/KD-8619F-poliuretan-flex-duz-bukulebilir-egilebilir-cita-duvar-citasi-bordur-kartonpiye-modelleri-resimleri-fiyatlari-polimer-esnek-cita-modelleri-resimleri-fiyatlari-flexible.png,0,1,0%,10
https://kartonpiyerdeposu.com/wp-content/uploads/2019/03/poliuretan-duvar-çıtalama.png,0,1,0%,12
https://kartonpiyerdeposu.com/wp-content/uploads/2022/04/poluretan-tavan-kutugu-tavan-ahsap-goruunumlu-kutuk-modelleri-resimleri.png,0,1,0%,12
https://kartonpiyerdeposu.com/wp-content/uploads/2020/03/KD-1516-rustik-kütük-modelleri-doğal-modelleri-en-güzel-ceviz-renkli-kiriş-mertek-modelleri-poliuretan-kiriş-modelleri-resimleri-fiyatları-1.png,0,1,0%,13
https://kartonpiyerdeposu.com/wp-content/uploads/2019/03/KD-8529-düz-poliuretan-kartonpiyer-modelleri-resimleri-fiyatları-duvar-çıtası-duvar-kartonpiyeri-poliuretan-düz-kartonpiye-salon-yatak-odası-oturma-odası.png,0,1,0%,14
https://kartonpiyerdeposu.com/wp-content/uploads/2021/10/KD8403-poliuretan-somine-bacasiz-elektrikli-soimne-modelleri-resimleri-fiyatlari-en-guzel-soimne-modelleri-istanbul-kocaeli-PU-DEKORATIF-ISI-VEREN-somine-fiyati.png,0,1,0%,14
https://kartonpiyerdeposu.com/wp-content/uploads/2019/02/tavan-gobegi-n11-1.png,0,1,0%,15
https://kartonpiyerdeposu.com/wp-content/uploads/2019/03/istanbul-poliuretan-cita-imalatcisi-1-600x600.png,0,1,0%,15
https://kartonpiyerdeposu.com/wp-content/uploads/2020/09/KD-82250-Ion-Roman-Greek-column-plaster-column-header-plain-column-header-models-iyon-roma-yunan-düz-poliuretan-sütun-plaster-sütun-başlığı-düz-sütun-gövdesi-modelleri-resmleri-fiyatları-.png,0,1,0%,15
https://kartonpiyerdeposu.com/wp-content/uploads/2019/03/poliuretan-çıta-poliuretan-cita-duz-poliuretan-cıta-desenli-poliuretan-çıta-sade-poliuretan-çıta-poliuretan-duvar-çıtası-desenli-poliuretan-duvar-çıtası-modelleri-.png,0,1,0%,16
https://kartonpiyerdeposu.com/wp-content/uploads/2020/09/KD-8303-a50-polyurethane-pillar-models-capitalbest-models-poliuretan-sütun-başlıkları-düz-sütun-başlığı-modelleri-resimleri-fiyatları-en-güzel-sütun-korint-iyon-korinth-decorpu.png,0,1,0%,16
https://kartonpiyerdeposu.com/tag/poliuretan-mertek-2/,0,1,0%,17
https://kartonpiyerdeposu.com/wp-content/uploads/2021/08/KD9101-Poluretan-kubbe-modelleri-dekoratif-tavan-kubbesi-hazir-kubbe-modelleri-kubbe-kartonpiyer-kubbe-tavan-dekoratif-kubbe-modelleri-alci-tavan-kubbe-modelleri.png,0,1,0%,17
https://kartonpiyerdeposu.com/kd-9958-duz-payanda-modelleri-fiyatlari-resimleri-en-guzel-payanda-modelleri-istanbul-poliuretan-payanda-modelleri-resimleri-dis-cephe-payandasi/,0,1,0%,18
https://kartonpiyerdeposu.com/wp-content/uploads/2019/02/en-güzel-duvar-çıtası-modeli-500x383.png,0,1,0%,18
https://kartonpiyerdeposu.com/wp-content/uploads/2024/10/koy-evi-tas-ev-tavan-dekorasyonu-poliuretan-kiris-mertek-modelleri-rustik-tavan-dekorasyon-tasarim-768x1024.jpeg,0,1,0%,18
https://kartonpiyerdeposu.com/wp-content/uploads/2019/03/poliuretan-kubbe-poliuretan-kubbe-fiyatlari-yuvarlak-tavan-kubbesi-alçi-kubbe-poliuretan-kubbe.png,0,1,0%,19
https://kartonpiyerdeposu.com/wp-content/uploads/2019/04/duvar-dekorasyonu-ayna-çıtalama-duvar-çıtası-duvar-çerçeve-poliuretan-alçı-çıta-poliuretan-çıta-fiyatı-fiyatları-en-uygun.png,0,1,0%,19
https://kartonpiyerdeposu.com/wp-content/uploads/2021/09/dis-cephe-poliuretan-sove-modelleri-resimleri-fiyatlari.png,0,1,0%,19
https://kartonpiyerdeposu.com/wp-content/uploads/2024/10/dogal-ev-tas-ev-giris-kapisi-ahsap-ev-modelleri-resimleri-fiyatlari-eski-ahsap.jpg,0,1,0%,19
https://kartonpiyerdeposu.com/poliuretan-duvar-panelleri/kd-b004-poliuretan-strafor-kopuk-suya-dayanikli-duvar-kaplama-paneli-duz-duvar-panelleri-modelleri-fiyatlari-resimleri/,0,1,0%,20
https://kartonpiyerdeposu.com/wp-content/uploads/2019/03/KD-85202-poliuretan-kartonpiyer-modelleri-fiyatları-resimleri-salon-oturma-odası-villa-düğün-salonu-kartonpiyer-modelleri-1.png,0,1,0%,20
https://kartonpiyerdeposu.com/wp-content/uploads/2021/12/KD-8711-4cm-cita-poliuretan-duz-duvar-citasi-duvar-citasi-imalati-duvar-citalama-poliuretan-duvar-citasi-modelleri-resimleri-fiyatlari.png,0,1,0%,20
https://kartonpiyerdeposu.com/wp-content/uploads/2019/02/20181020_205903-768x1024.jpg,0,1,0%,21
https://kartonpiyerdeposu.com/wp-content/uploads/2019/02/model-600x600.png,0,1,0%,21
https://kartonpiyerdeposu.com/wp-content/uploads/2020/08/kd-603-poliuretan-göbek-poliuretan-tavan-göbeği-poliuretan-kubbe-tavan-dekorasyonu-yatak-odası-tavanı-oturma-odası-tavanı-poliuretan-göbek-modelleri.png,0,1,0%,21
https://kartonpiyerdeposu.com/wp-content/uploads/2023/01/PU-1540T-poliuretan-kiris-istanbul-poliuretan-mertek-poliuretan-rustik-kiris-poliuretan-rustik-mertek-ahsap-kiris-modelleri-ahsap-gorunumlu-poliuretan-kiris.png,0,1,0%,21
https://kartonpiyerdeposu.com/wp-content/uploads/2019/03/modern-yatak-odası-dekorasyonu.png,0,1,0%,22
https://kartonpiyerdeposu.com/wp-content/uploads/2023/01/poliuretan-cita-imalati-uretimi-toptan-duvar-citasi-polimer-cita-4cm-2cm-decor-pu-dekorasyon-bordur-pasa-cita-225x300.jpeg,0,1,0%,22
https://kartonpiyerdeposu.com/wp-content/uploads/2020/04/dekoratif-şömine-modelleri-resimleri-bacasız-şömine-elektrikli-şömine-dumansız-şömine-modelleri-resimleri-en-güzel-şömine-modelleri-klasik-şöminepmodern-şömine-poliuretan-şömine.jpeg,0,1,0%,23
https://kartonpiyerdeposu.com/poliuretan-sove/kd-8450-18-poliuretan-swove-poliuretan-pencere-sovesi-poliuretan-pencere-kenari-dis-cephe-bina-sovesi-modelleri-resimleri-fiyatlari/,0,1,0%,24
https://kartonpiyerdeposu.com/tag/ahsap-gorunumlu-mertek-fiyatlari/,0,1,0%,24
https://kartonpiyerdeposu.com/wp-content/uploads/2019/04/en-güzel-duvar-ayna-modelleri-ayna-çıtası-duvar-çıtası-poliuretan-çıta-alçı-çıta-istanbul-duvar-çıtası.png,0,1,0%,24
https://kartonpiyerdeposu.com/wp-content/uploads/2021/12/KD-8402-dekoratif-elektrikli-dumansiz-isikli-isi-veren-bacasiz-somine-modelleri-resimleri-fiyatlari-oyma-klasik-desenli-somine-resimleri-fiyatlari.png,0,1,0%,24
https://kartonpiyerdeposu.com/wp-content/uploads/2023/01/poliuretan-cita-imalati-uretimi-toptan-duvar-citasi-polimer-cita-4cm-2cm-decor-pu-dekorasyon-bordur-pasa-cita.jpeg,0,1,0%,25
https://kartonpiyerdeposu.com/wp-content/uploads/2019/03/Rustik-ahşap-dekorasyon-modelleri-ahşap-kiriş-ahşap-mertek-tavan-dekorasyonu-ahşap-dekorasyon-2-600x600.png,0,1,0%,26
https://kartonpiyerdeposu.com/wp-content/uploads/2025/09/exterior-interior-decorative-sutun-column-models-dis-cephe-poliuretan-prekast-sutun-modelleri-villa-dis-cephe-sutun-sove-modelleri-resimleri-fiyatlari.jpg,0,1,0%,26
https://kartonpiyerdeposu.com/wp-content/uploads/2019/02/toplanti-odasi-duvar-citasi-modelleri-2.png,0,1,0%,27
https://kartonpiyerdeposu.com/wp-content/uploads/2019/03/ahsap-kiris-tavan-ahsap-gorunumlu-kiris-modelleri-poliuretan-ahsap-imalati-poliuretan-kolon-kaplama-ahsap-tavan-dekorasyonu-1.png,0,1,0%,27
https://kartonpiyerdeposu.com/wp-content/uploads/2020/04/KD-2855-poliüretan-kapı-tacı-süsleme-çıta-aksesuar-fiyatları-boyanabilir-ahşap-muadili-poliuretan-duvar-taç-kapı-süsleri.png,0,1,0%,27
https://kartonpiyerdeposu.com/wp-content/uploads/2020/08/kd-10771.png,0,1,0%,27
https://kartonpiyerdeposu.com/wp-content/uploads/2020/09/KD-8303-A40-sütun-ayağı-poliuretan-sütun-ayağı-dekoratif-sütun-yuvarlak-sütun-modelleri-oval-sütun-modelleri-daire-çember-sütun-decorpu.png,0,1,0%,28
https://kartonpiyerdeposu.com/wp-content/uploads/2019/10/boyanabilir-poliuretan-boyanabilir-duvar-çıtası-modelleri-resimleri-fiyatları-en-güzel-duvar-çıtası-modelleri-en-güzel-fiyatları-silinebilir-çıta-1.png,0,1,0%,29
https://kartonpiyerdeposu.com/wp-content/uploads/2023/02/20191116_181218-scaled.jpg,0,1,0%,29
https://kartonpiyerdeposu.com/wp-content/uploads/2019/02/KD8511-poluretan-desenli-sade-kartonpiyer-modelleri-çeşitleri-ürünleri.png,0,1,0%,30
https://kartonpiyerdeposu.com/wp-content/uploads/2019/03/duvar-cita-calismasi-duvar-ciasi-alci-cita-poliuretan-cita-duvar-cita-cerceve-cita-kaplama-modeller-fiyatlari-en-güzel-duvar-cita-resimleri-1-600x400.png,0,1,0%,30
https://kartonpiyerdeposu.com/wp-content/uploads/2024/10/poliuretan-kopul-stropiyer-ahsap-gorunumlu-kiris-kutuk-mertel-tavan-duvar-dekorasyonu-modelleri-resimleri-fiyatlari-576x1024.jpg,0,1,0%,30
https://kartonpiyerdeposu.com/wp-content/uploads/2019/02/poluretan-süpürgelik-modelleri-fiyatları-resimleri.png,0,1,0%,31
https://kartonpiyerdeposu.com/wp-content/uploads/2024/10/dogal-ahsap-tavan-modelleri-ahsap-tavan-kiris-mertek-mertegi-kirisi-kutugu-eski-ahsap-tavan-tasarimi-1024x768.jpeg,0,1,0%,31
https://kartonpiyerdeposu.com/wp-content/uploads/2019/02/oturma-odası-duvar-dekorasyonu-tavan-dekorasyonu.png,0,1,0%,32
https://kartonpiyerdeposu.com/tag/poliuretan-kutuk-ustasi/,0,1,0%,35
https://kartonpiyerdeposu.com/tag/tavan-kutugu/,0,1,0%,64
https://kartonpiyerdeposu.com/tag/poluretan-somine/,0,1,0%,65
https://kartonpiyerdeposu.com/wp-content/uploads/2019/03/duvar-cita-calismasi-duvar-ciasi-alci-cita-poliuretan-cita-duvar-cita-cerceve-cita-kaplama-modeller-fiyatlari-en-güzel-duvar-cita-resimleri-3.png,0,1,0%,66