En çok yapılan sorgular,Tıklamalar,Gösterimler,TO,Pozisyon
kartonpiyer modelleri,886,68873,1.29%,1.59
kartonpiyer deposu,762,1023,74.49%,1.43
kartonpiyer,671,113198,0.59%,5.84
duvar panel modelleri,499,49509,1.01%,1.05
duvar paneli modelleri,463,50464,0.92%,1.05
decorpu,383,981,39.04%,1.37
poliüretan kartonpiyer,296,2326,12.73%,3.01
duvar panelleri,292,48192,0.61%,1.6
poliüretan çıta,289,17712,1.63%,8.82
poliüretan duvar paneli,276,6998,3.94%,2.64
poliüretan kütük,236,2867,8.23%,3.43
stropiyer modelleri,233,21898,1.06%,2.3
dekoratif duvar paneli,232,34786,0.67%,1.74
tv arkası panel,227,21656,1.05%,1.11
alçı kartonpiyer modelleri,199,5807,3.43%,1.26
şömine modelleri,195,50720,0.38%,1.16
salon kartonpiyer modelleri,195,9647,2.02%,5.58
köpük kartonpiyer modelleri,190,14010,1.36%,7.06
duvar panelleri modelleri,182,12047,1.51%,1.03
ahşap görünümlü strafor kütük,165,1225,13.47%,1.04
poliüretan sütun,160,2605,6.14%,4.29
ev kartonpiyer modelleri,150,18630,0.81%,1.17
poliüretan ahşap kiriş,135,1257,10.74%,2.58
duvar paneli fiyatları,130,15080,0.86%,2.72
dekoratif tavan göbekleri,118,4385,2.69%,1.85
alçı kartonpiyer fiyatları,117,3125,3.74%,2.58
kartonpiyer dwg,116,463,25.05%,2.4
köpük kartonpiyer tavan modelleri,111,8627,1.29%,7.22
poliüretan kiriş,109,1787,6.1%,3.85
ledli stropiyer,105,6233,1.68%,1.6
led işıklı kartonpiyer modelleri,104,3603,2.89%,4.36
ahşap görünümlü strafor kiriş fiyatları,101,1052,9.6%,2.24
tavan göbeği,96,4638,2.07%,3.62
poliüretan kiriş kütük fiyatları,95,660,14.39%,2.63
poliüretan kartonpiyer modelleri,93,493,18.86%,1.42
panel duvar kaplama,90,12045,0.75%,1.22
ledli kartonpiyer,90,4732,1.9%,6.71
süpürgelik modelleri,85,18005,0.47%,1.46
kartonpiyer tavan,84,10553,0.8%,8.3
panel modelleri,82,9977,0.82%,1.01
tavan göbek modelleri,82,5480,1.5%,2.4
köpük tavan göbek modelleri,82,3264,2.51%,1.88
alçı duvar çıtası,80,1097,7.29%,1.9
poliüretan çıta modelleri,79,3246,2.43%,4.11
alçı çıta,79,2207,3.58%,2.47
tavan kartonpiyer,77,6895,1.12%,7.83
duvar panel kaplama,70,7291,0.96%,2.44
dekoratif panel,68,9383,0.72%,1.68
ışıklı kartonpiyer,68,4153,1.64%,1.83
alçı kartonpiyer,68,2222,3.06%,1.5
tavan kartonpiyer modelleri,67,5751,1.17%,8.13
duvar çıta dwg,67,224,29.91%,2.58
poliüretan sütun fiyatları,65,952,6.83%,3.88
poliüretan duvar çıtası,64,3712,1.72%,10.66
köpük tavan göbek modelleri fiyatları,64,2199,2.91%,3.15
tv arkası panel modelleri,63,7746,0.81%,1.07
poliüretan kütük bauhaus,63,761,8.28%,2.37
duvar çıta uygulaması,62,6915,0.9%,1.65
kartonpiyer çeşitleri,62,2664,2.33%,3.52
köpük kartonpiyer,61,5805,1.05%,9.58
köpük kartonpiyer fiyatları,61,4482,1.36%,10.66
ahşap kiriş fiyatları,60,799,7.51%,1.28
poliüretan stropiyer,60,269,22.3%,1.09
polimer çıta,59,2545,2.32%,3.93
panel duvar,58,11471,0.51%,1.22
poliüretan şömine,58,1245,4.66%,5.44
poliüretan kütük fiyatları,58,461,12.58%,1.82
çıta uygulaması,57,9233,0.62%,1.85
sade kartonpiyer modelleri,56,3542,1.58%,4.2
stropiyer göbek modelleri,55,2689,2.05%,6.71
kartonpiyer fiyatları,54,7374,0.73%,10.65
poliüretan duvar kaplama,51,1188,4.29%,1.4
ahşap görünümlü kiriş,51,410,12.44%,1.1
poliüretan kiriş-kütük fiyatları,50,400,12.5%,2.3
köpük kütük,50,339,14.75%,1.04
kartonpiyerci,49,1185,4.14%,4.32
yapay şömine modelleri,48,4411,1.09%,1.94
poliüretan çıta fiyatları,48,1853,2.59%,3.82
polimer duvar çıtası,48,1501,3.2%,1.8
kütük fiyatları,47,3081,1.53%,6.26
alçı çıta modelleri,46,1054,4.36%,1.98
ledli stropiyer modelleri,45,2320,1.94%,1.2
köpük sütun fiyatları,45,1190,3.78%,6.17
kartonpiyer şömine,44,495,8.89%,1.78
kartonpiyer sütun,44,419,10.5%,1.12
söve dwg,42,315,13.33%,4.62
söve sütun fiyatları,41,974,4.21%,2.13
köpük sütun,41,851,4.82%,5.47
duvar kaplama modelleri,40,5516,0.73%,1.68
ledli kartonpiyer modelleri,40,1717,2.33%,2.49
poliüretan tavan göbeği,40,693,5.77%,3.38
poliüretan ahşap kütük,37,275,13.45%,1.62
duvar çıtası dwg,37,94,39.36%,2.64
dekoratif şömine modelleri,36,1944,1.85%,1.67
poliüretan dekorasyon,36,1716,2.1%,4.58
poliüretan söve,35,3012,1.16%,4.25
duvar kartonpiyer modelleri,35,2081,1.68%,1.29
kartonpiyer göbek modelleri,35,1905,1.84%,1.77
ahşap-görünümlü strafor kütük,35,543,6.45%,1.11
poliüretan kartonpiyer fiyatları,35,332,10.54%,2.28
duvara çıta uygulaması,34,9085,0.37%,3.4
kartonpiyer tavan modelleri,34,4715,0.72%,10.21
duvar çıtası nasıl yapılır,34,3179,1.07%,4
tavan göbeği modelleri,34,1444,2.35%,1.5
poliüretan şömine çerçevesi,34,340,10%,5.95
poliüretan duvar panelleri,33,643,5.13%,1.93
duvar dekorasyon,32,10826,0.3%,3.66
dekoratif duvar panelleri,32,4083,0.78%,2.38
ahşap kiriş,32,2793,1.15%,2.46
dekor şömine,32,2115,1.51%,2.47
ahşap görünümlü kartonpiyer,32,395,8.1%,5.44
ahşap mertek fiyatları,32,343,9.33%,1.88
duvar çıta panel,31,3735,0.83%,1.5
ışıklı stropiyer,31,1370,2.26%,1.47
led ışıklı stropiyer modelleri,31,1258,2.46%,1.15
istanbul kartonpiyer,31,236,13.14%,4.99
köpük kiriş,31,203,15.27%,1.16
çıta panel,30,5515,0.54%,1.26
köy evi tavan kaplama,30,5494,0.55%,1.22
duvar dekor panelleri,30,2941,1.02%,1.64
duvar alçı dekor,30,2238,1.34%,1.21
alçı sütun fiyatları,30,1031,2.91%,8.37
kütük görünümlü köpük,30,216,13.89%,1.1
panel duvar modelleri,29,3854,0.75%,1.02
tv arkası duvar paneli,29,1363,2.13%,1.64
poliüretan ahşap görünümlü kiriş,29,275,10.55%,1.01
süpürgelik,28,8995,0.31%,4.18
kartonpiyer alçı,28,4159,0.67%,1.75
alçı dekor modelleri,28,3623,0.77%,6.19
poliüretan payanda,28,756,3.7%,7.17
poliüretan mertek,28,342,8.19%,2.97
şömine,27,11941,0.23%,6.8
tv duvar paneli,26,3005,0.87%,1.21
alçı çıtası,25,2714,0.92%,6.3
duvar çıtası nasıl yapıştırılır,25,2003,1.25%,4.79
pencere kenarı söve fiyatları,25,1590,1.57%,9.61
yeni kartonpiyer modelleri,25,1462,1.71%,6.75
söve sütun,25,729,3.43%,1.17
ahşap kiriş tavan,25,551,4.54%,1.02
kartonpiyer led aydınlatma,24,1135,2.11%,6.12
led ışıklı kartonpiyer modelleri,24,946,2.54%,1.88
polimer çıta fiyatları,24,887,2.71%,2.6
düz stropiyer modelleri,24,769,3.12%,9.38
sahte ahşap kiriş,24,106,22.64%,1.02
dekoratif çıta panel,23,2831,0.81%,1.6
ahşap görünümlü strafor tavan,23,435,5.29%,1.06
dekor panel fiyatları,22,2796,0.79%,2.44
süpürgelik çeşitleri,22,2049,1.07%,2.86
stropiyer köşe modelleri,22,889,2.47%,7.03
led stropiyer,22,615,3.58%,2.38
alçı çıta fiyatları,22,579,3.8%,4.49
poliüretan söve fiyatları,22,577,3.81%,4.07
ahşap görünümlü tavan kirişleri,22,256,8.59%,1.31
çıtalı duvar paneli,21,2792,0.75%,1.08
kartonpiyer köpük,21,1394,1.51%,7.54
alçı dekorasyon modelleri,21,1177,1.78%,6.1
led kartonpiyer,21,876,2.4%,6.51
poliüretan duvar paneli fiyatları,21,672,3.12%,4.75
panel kaplama,20,4122,0.49%,1.91
polimer duvar paneli,20,3687,0.54%,3.92
duvar paneli renkleri,20,3010,0.66%,1.03
stropiyer çıta modelleri,20,2875,0.7%,1.37
panel kaplama duvar,20,2757,0.73%,1.14
düz kartonpiyer modelleri,20,1052,1.9%,5.81
poliüretan dekor,20,977,2.05%,7.31
strafor süpürgelik,20,796,2.51%,1.71
tavan lamba göbeği modelleri,20,693,2.89%,1.5
poliüretan süpürgelik,20,671,2.98%,2.38
duvar çıtası yapıştırıcısı,20,625,3.2%,3.17
alçıpan çıta,20,619,3.23%,1.02
ahşap tavan modelleri,19,8215,0.23%,1.36
karton piyer,19,4251,0.45%,5.68
tavan süsleri,19,3361,0.57%,1.55
duvar çıtası yapıştırma,19,1469,1.29%,3.23
kartonpiyer alçıpan,19,1434,1.32%,1.14
poliüretan lambiri,19,1344,1.41%,1.17
tavan göbek,19,1243,1.53%,3.13
polimer çıta modelleri,19,692,2.75%,1.07
dekoratif çıta uygulaması,19,686,2.77%,1.03
alçı sütun,19,526,3.61%,8.04
hazır işık bandı stropiyer,19,502,3.78%,2.14
poliüretan dekoratif panel,19,362,5.25%,2.47
kartonpiyer sütun fiyatları,19,170,11.18%,1.15
panel çıta,18,3401,0.53%,1.15
duvar paneli dekorasyon,18,2749,0.65%,1.08
duvar pan,18,2488,0.72%,1.01
duvar dekorasyon panelleri,18,2081,0.86%,2.21
dekoratif şömine,18,1805,1%,5.43
köşe kartonpiyer,18,1453,1.24%,6.82
ahşap kiriş kaplama,18,278,6.47%,1.85
ahşap görünümlü poliüretan,18,255,7.06%,3.09
poliüretan ahşap,18,212,8.49%,1.25
kartonpiyer şömine fiyatları,18,212,8.49%,2.83
duvar alçıpan modelleri,17,2034,0.84%,1.01
köy evi tavan modelleri,17,1838,0.92%,1.13
alçı duvar dekorasyon modelleri,17,1712,0.99%,1.32
kartonpiyer modelleri tavan,17,1230,1.38%,6.35
tavan köşe kartonpiyer,17,1070,1.59%,5.73
hazır tavan göbek modelleri,17,817,2.08%,3.78
kartonpiyer göbek,17,769,2.21%,5.26
alçıpan çıta modelleri,17,646,2.63%,1.04
led stropiyer modelleri,17,603,2.82%,2.09
strafor kütük,17,311,5.47%,1.35
poliüretan kolon kaplama,17,230,7.39%,1.08
ahşap görünümlü kütük,17,74,22.97%,1.22
panel dekorasyon,16,2743,0.58%,1.15
salon duvar alçıpan modelleri,16,2391,0.67%,1.02
duvar panel renkleri,16,2306,0.69%,1.02
duvar çıtası ölçüleri,16,1045,1.53%,1.13
alçı duvar süsleri,16,1031,1.55%,1.28
dış cephe sütun modelleri,16,527,3.04%,1.95
sahte kiriş,16,475,3.37%,1.17
alçı sütun modelleri,16,443,3.61%,1.68
gizli ışık kartonpiyer,16,338,4.73%,1.01
köpük kolon kaplama,16,226,7.08%,1
strafor kütük fiyatları,16,199,8.04%,1.54
kütük görünümlü strafor,16,174,9.2%,1.17
strafor kiriş,16,168,9.52%,1.11
kartonpiyer duvar,15,4741,0.32%,7.89
duvar çıtası,15,2271,0.66%,21.78
duvar arkası panel,15,1760,0.85%,1.02
panel çıta modelleri,15,1539,0.97%,1.02
dekoratif panel fiyatları,15,1471,1.02%,3.01
duvar çıtası uygulama,15,1443,1.04%,4.05
duvar çıtası ne ile yapıştırılır,15,1027,1.46%,4.87
kartonpiyer tavan süslemeleri,15,909,1.65%,1.08
poliüretan çıta işçilik fiyatları,15,895,1.68%,5.69
ışıklı kartonpiyer modelleri,15,802,1.87%,1.12
köşe kartonpiyer modelleri,15,535,2.8%,3.63
ışıklı stropiyer modelleri,15,494,3.04%,1.19
hazır ledli kartonpiyer,15,460,3.26%,1.21
poliüretan çıta köşesi,15,397,3.78%,8.1
köpük duvar çıtası nasıl yapıştırılır,14,2408,0.58%,3.95
çıta duvar paneli,14,1539,0.91%,1.47
duvar kaplama panel,14,1457,0.96%,1.79
hazır duvar panel fiyatları,14,808,1.73%,4.96
desenli kartonpiyer modelleri,14,611,2.29%,5.97
sütun söve modelleri,14,458,3.06%,1.18
poliuretan duvar panelleri,14,327,4.28%,1.5
stropiyer ışık bandı,14,281,4.98%,3.07
kartonpiyer süpürgelik,14,260,5.38%,1.08
duvar kaplama malzemeleri,13,2291,0.57%,4.33
tavan lamba göbeği,13,1612,0.81%,5.7
duvar çıtası modelleri,13,915,1.42%,11.6
tavan kartonpiyer fiyatları,13,766,1.7%,8.65
poliüretan çita,13,708,1.84%,6.74
köpük stropiyer modelleri,13,565,2.3%,6.22
tavan göbek kartonpiyer,13,499,2.61%,2.3
duvara çıta nasıl yapıştırılır,13,492,2.64%,4.71
sütun söve,13,447,2.91%,1.03
duvar kaplama çıtası,13,404,3.22%,2.3
gizli ışık stropiyer,13,337,3.86%,1.97
ahşap görünümlü tavan strafor,13,254,5.12%,1.01
duvar paneli poliüretan,13,245,5.31%,3.07
uzun kütük fiyatları,13,232,5.6%,2.53
poliüretan tavan çıtası,13,230,5.65%,1.47
tavana ahşap kütük,13,218,5.96%,1.22
poliüretan şömine dekoru,13,201,6.47%,6.58
poliüretan çıta neyle yapıştırılır,13,200,6.5%,5.61
kartonpiyer-stropiyer-alçıpan imalat satış & uygulama,13,158,8.23%,8.04
poliüretan duvar süsleri,13,82,15.85%,1.82
duvar panel,12,4197,0.29%,2.69
dekor panel modelleri,12,1231,0.97%,1.23
tv duvar paneli modelleri,12,882,1.36%,1.04
led kartonpiyer modelleri tavan,12,761,1.58%,7.78
sütun modelleri,12,678,1.77%,1.67
dış cephe kolon kaplama,12,491,2.44%,1.03
çıta köşesi,12,477,2.52%,1.02
tv duvar kaplama,12,451,2.66%,1.01
poliüretan çıta fiyatları koçtaş,12,415,2.89%,2.7
gizli ışıklı kartonpiyer,12,385,3.12%,1.05
poliüretan duvar çıtası fiyatları,12,334,3.59%,5.06
stropiyer tavan göbeği,12,230,5.22%,4.55
kartonpier,11,2144,0.51%,5.35
pervaz modelleri,11,1511,0.73%,1.89
kartonpiyer duvar modelleri,11,1362,0.81%,2.31
ledli stropiyer fiyatları,11,1256,0.88%,3.16
duvar çıtası yapımı,11,1224,0.9%,4.01
stropiyer,11,1083,1.02%,3.86
televizyon arkası panel,11,747,1.47%,1.62
dış cephe kartonpiyer,11,492,2.24%,5.34
ahşap mertek,11,478,2.3%,2.51
tavan kiriş dekoru,11,273,4.03%,3.42
pu duvar paneli,11,257,4.28%,2
gizli ışıklı stropiyer,11,181,6.08%,1
poliüretan kiriş kütük,11,155,7.1%,2.61
poliüretan duvar panel,11,136,8.09%,2.4
polimer kartonpiyer,11,105,10.48%,5.34
poliüretan göbek modelleri,11,90,12.22%,1.07
poliüretan çıta dwg,11,28,39.29%,1.96
tavan çıta modelleri,10,3378,0.3%,3.09
duvar kartonpiyer,10,2167,0.46%,8.12
duvar çıtası neyle yapıştırılır,10,1456,0.69%,5.45
söve modelleri ve fiyatları,10,1434,0.7%,2.66
duvar çıtası nerede satılır,10,1272,0.79%,5.33
salon kiriş dekorasyonu,10,1197,0.84%,1.04
düz kartonpiyer,10,1187,0.84%,5.91
kartonpiyer çıta,10,1140,0.88%,1.27
tavan süsleme,10,1114,0.9%,2
duvar giydirme modelleri,10,985,1.02%,1.09
kartonpiyer modelleri fiyatları,10,793,1.26%,4.62
duvar çıtası işçilik fiyatları,10,617,1.62%,6.06
desenli kartonpiyer,10,552,1.81%,8.7
poliüretan süpürgelik fiyatları,10,422,2.37%,2.87
poliüretan söve modelleri,10,391,2.56%,5.76
poliüretan tavan kaplama,10,344,2.91%,2.38
stropiyer ışık bandı modelleri,10,308,3.25%,1.14
ledli kartonpiyer modelleri stropiyer led ışık profili,10,306,3.27%,1.95
köpük ahşap modelleri,10,173,5.78%,1.05
köpük sutunlar,10,167,5.99%,1.87
kütük strafor fiyatları,10,133,7.52%,1.19
poliüretan kiriş fiyatları,10,123,8.13%,4.27
poliüretan göbek,10,93,10.75%,1.9
duvar dekorasyon modelleri,9,2699,0.33%,1.48
kartonpiyer desenleri,9,1083,0.83%,1.78
duvar alçı modelleri,9,995,0.9%,1.05
duvar stropiyer modelleri,9,878,1.03%,2.01
dekoratif duvar kaplama,9,801,1.12%,6.82
dekoratif panel modelleri,9,795,1.13%,1.76
kartonpiyer tavan göbek modelleri,9,669,1.35%,2.36
köpük söve modelleri,9,577,1.56%,1.06
duvar çıtalama nasıl yapılır,9,547,1.65%,4.66
göbek kartonpiyer,9,534,1.69%,5.69
plastik çıta modelleri,9,528,1.7%,1.48
tv arkası lambiri,9,507,1.78%,1.43
kartonpiyer tavan çıta modelleri,9,469,1.92%,8.05
poliüretan çerçeve,9,467,1.93%,6.04
kartonpıyer modelleri,9,459,1.96%,1.49
dış cephe kartonpiyer modelleri,9,453,1.99%,5.33
dekoratif panel çıta,9,433,2.08%,1.18
duvar panel çıtaları,9,412,2.18%,1.1
tv arkası çıta fiyatları,9,379,2.37%,2.19
sütun kaplama modelleri,9,370,2.43%,1.07
ahşap kartonpiyer modelleri,9,330,2.73%,8.37
alçıpan şömine modelleri,9,292,3.08%,2.07
kartonpiyer duvar çıta modelleri,9,274,3.28%,1.36
led kartonpiyer modelleri,9,264,3.41%,4.47
çıtalar duvara nasıl yapıştırılır,9,260,3.46%,4.33
poliüretan duvar,9,195,4.62%,1.89
poliüretan çıta ölçüleri,9,188,4.79%,1.04
dekoratif kiriş kaplama,9,156,5.77%,1.82
alçıpan kartonpiyer modelleri,9,106,8.49%,1
köpük kolon,9,98,9.18%,1
kartonpiyerdeposu,9,10,90%,1.1
duvar dekor modelleri,8,1809,0.44%,1.26
alçı duvar dekorasyonu,8,1171,0.68%,1.07
söve fiyatları,8,1122,0.71%,10.92
kartonpiyer çıta modelleri,8,1038,0.77%,1.93
duvar çıta modelleri,8,1001,0.8%,14.35
tavan çıta uygulaması,8,950,0.84%,6.27
duvar çıtalama ölçüleri,8,863,0.93%,1.05
çıta yapımı,8,816,0.98%,2.87
tavan avize göbeği,8,738,1.08%,1.91
"köpük, duvar çıtası nasıl yapıştırılır",8,729,1.1%,3.76
lamba göbeği,8,669,1.2%,2.4
plastik kartonpiyer,8,665,1.2%,11.28
duvar çıtaları nasıl yapıştırılır,8,639,1.25%,4.6
tavan kenar stropiyer modelleri,8,551,1.45%,9.41
duvar çıta kaplama,8,527,1.52%,1.98
kartonpiyer duvar çıtası,8,505,1.58%,2.11
çıta panel uygulaması,8,492,1.63%,1.13
avize göbek modelleri,8,488,1.64%,1.03
alçı duvar dekoru,8,469,1.71%,1.12
köpük avize göbeği,8,449,1.78%,1.21
duvar panel örnekleri,8,417,1.92%,1
kartonpiyer köpük modelleri,8,412,1.94%,6.68
alçı çerçeve modelleri,8,382,2.09%,1.26
kolon söve modelleri,8,323,2.48%,1.06
kare tavan göbeği,8,263,3.04%,5.26
stropiyer ledli kartonpiyer,8,242,3.31%,2.63
stropiyer tavan göbek modelleri,8,196,4.08%,1.67
dekoratif kiriş,8,160,5%,4.31
ahşap mertek tavan,8,136,5.88%,1
ahşap kütük fiyatları,8,135,5.93%,2.41
kartonpiyer duvar panelleri,8,131,6.11%,1.06
poliüretan dekoratif süsleme ürünleri,8,123,6.5%,4.14
ahşap tavan kirişi,8,67,11.94%,3.99
duvar modelleri,7,1785,0.39%,2.3
tavan süsü,7,1424,0.49%,2.2
salon duvar çıta modelleri,7,1418,0.49%,13.31
alçı dekorasyon,7,1400,0.5%,11.29
ahşap çıta duvara nasıl yapıştırılır,7,1161,0.6%,7.52
köpük alçıpan,7,1155,0.61%,8.08
duvara çıta yapımı,7,1087,0.64%,3.11
duvara çıta uygulama,7,1071,0.65%,2.07
tavan aksesuarları,7,1025,0.68%,1.85
duvar panel çıtası,7,818,0.86%,1.69
tavan süsleri modelleri,7,752,0.93%,1.05
şömine kasası,7,699,1%,13.84
alcı duvar dekor,7,685,1.02%,1.37
ev kartonpiyer fiyatları,7,680,1.03%,7.05
duvara çıta nasıl yapılır,7,667,1.05%,3.61
duvar giydirme panel,7,619,1.13%,1.39
tavan süsü modelleri,7,572,1.22%,1.04
dekoratif panel kaplama,7,521,1.34%,3.25
panel duvar çıtası,7,475,1.47%,1.41
poliüretan çıta uygulaması,7,463,1.51%,3.12
duvar çıtası uygulamaları,7,455,1.54%,1.25
dekorasyon duvar paneli,7,424,1.65%,1.58
doğal ahşap tavan modelleri,7,374,1.87%,3.59
kiriş kaplama,7,373,1.88%,4.55
tavan avize köpüğü,7,304,2.3%,1.38
kartonpiyer aydınlatma,7,303,2.31%,6
kartonpiyer köşe modelleri,7,281,2.49%,5.49
kartonpiyer ledli,7,249,2.81%,6.49
poliüretan kolon,7,241,2.9%,3.19
kartonpiyer kare tavan göbeği,7,237,2.95%,2.4
ahşap görünümlü tavan,7,234,2.99%,1.04
poliüretan tavan,7,228,3.07%,2.37
sütun kaplama,7,221,3.17%,1.73
alçıpan duvar çıtası,7,211,3.32%,1.18
poliüretan çıta ankara,7,184,3.8%,10.81
strafor sütun kaplama,7,180,3.89%,1.83
duvar kaplama çıtaları,7,172,4.07%,1.09
kolon söve,7,166,4.22%,1
tavan kalas modelleri,7,135,5.19%,3.87
dekoratif poliüretan duvar panelleri,7,134,5.22%,1.97
köşe alçı modelleri,7,132,5.3%,1
tavan ahşap kiriş,7,80,8.75%,1.07
kalas görünümlü strafor,7,58,12.07%,1.1
alçı köpük şömine fiyatları,7,51,13.73%,1.33
poliüretan ışık bandı,7,43,16.28%,1
poliüretan tavan kütüğü,7,41,17.07%,1.78
duvar çıtası kesit,7,37,18.92%,1
tavan süslemeleri,6,1829,0.33%,1.39
köpük çıta ne ile yapışır,6,997,0.6%,6.86
duvar kaplaması panel,6,948,0.63%,2.89
alçı dekor,6,934,0.64%,9.61
duvar çıta ölçüleri,6,807,0.74%,1
duvarlara çıta uygulaması,6,777,0.77%,2.01
çıtalama nasıl yapılır,6,763,0.79%,4.64
alçıpan kartonpiyer,6,760,0.79%,1.49
çıta ile duvar dekorasyonu,6,684,0.88%,1.08
dekor duvar paneli,6,612,0.98%,2
ev tavan çıtası yapıştırma,6,496,1.21%,6.68
tv arkası duvar panelleri,6,493,1.22%,1.29
tv duvar panelleri,6,488,1.23%,1.01
lamba göbeği modelleri,6,446,1.35%,1.55
söve sütun modelleri,6,434,1.38%,1.05
panel duvar dekorasyon,6,426,1.41%,1.13
kartonpiyer modeli,6,426,1.41%,1.18
köpük alçıpan modelleri,6,405,1.48%,5.88
panel dekor modelleri,6,389,1.54%,1.01
tavan ahşap dekor,6,389,1.54%,6.16
lamba kartonpiyer,6,385,1.56%,1.07
led ışıklı kartonpiyer,6,365,1.64%,3.07
duvar alçı çıta modelleri,6,354,1.69%,1
tv arkası dekor çıta fiyatları,6,351,1.71%,2.48
eski ahşap tavan modelleri,6,349,1.72%,5.28
avize köpük modelleri,6,338,1.78%,1.14
kütük tavan modelleri,6,298,2.01%,2.23
ahşap kartonpiyer,6,279,2.15%,8.19
televizyon arkası kaplama,6,273,2.2%,1.01
stropiyer işık bandı modelleri,6,269,2.23%,1.01
duvar kaplama çıta,6,235,2.55%,1.38
kartonpiyer örnekleri,6,211,2.84%,2.62
dekoratif köpük şömine,6,177,3.39%,2.92
led ışıklı stropiyer,6,172,3.49%,4.26
duvar çıtası izmir,6,171,3.51%,11.67
dış cephe sütun,6,151,3.97%,1.02
izmir duvar çıtası,6,143,4.2%,7.15
kartonpiyer tavan göbeği,6,139,4.32%,1.89
dış cephe sütun kaplama,6,138,4.35%,1.12
strafor kolon kaplama,6,125,4.8%,1.43
tavan kütüğü,6,111,5.41%,1.02
duvar panel kaplama fiyatları,6,104,5.77%,5.33
köpük kartonpiyer modelleri stropiyer tavan,6,91,6.59%,6.58
stropiyer imalatçıları,6,68,8.82%,10.28
poliüretan tavan kirişi,6,38,15.79%,1
çıta modelleri,5,3772,0.13%,5
stropiyer çıta,5,1849,0.27%,11.7
duvar çıtalama,5,1183,0.42%,7.17
duvar çıtaları,5,1067,0.47%,13.65
köy evi tavan kaplama fiyatları,5,911,0.55%,1.37
çıta ölçüleri,5,753,0.66%,1
panel kaplama modelleri,5,750,0.67%,1.21
çıta panel modelleri,5,688,0.73%,1.02
tavan göbekleri,5,603,0.83%,4.51
panel dekorasyon modelleri,5,602,0.83%,1.01
duvar çıtası uygulaması,5,601,0.83%,6.35
çıta duvara nasıl yapıştırılır,5,571,0.88%,5.02
süs şömine modelleri,5,567,0.88%,2.23
duvar paneleri,5,563,0.89%,1.49
tavan süslemeleri köpük,5,528,0.95%,1.18
tavan orta göbek modelleri,5,526,0.95%,1.06
duvar panalleri,5,523,0.96%,1.52
stropiyer çıta fiyatları,5,506,0.99%,4.04
tavan kirişi,5,493,1.01%,4.63
duvar çıtası poliüretan,5,492,1.02%,9.13
duvar modeli,5,450,1.11%,1
duvar panelleri dekorasyon,5,444,1.13%,1.27
köşe alçıpan modelleri,5,442,1.13%,2.55
duvar kiriş dekorasyon,5,428,1.17%,1.08
led'li stropiyer,5,409,1.22%,1.24
pencere kenarı söve modelleri,5,397,1.26%,15.61
ahşap görünümlü tavan kaplama,5,382,1.31%,3.25
tavan stropiyer modelleri,5,369,1.36%,9.21
söve kolon kaplama,5,362,1.38%,1.03
geniş süpürgelik modelleri,5,345,1.45%,1.12
karton piyer modelleri,5,326,1.53%,1.36
salon ahşap tavan modelleri,5,315,1.59%,1.65
göbek kartonpiyer modelleri,5,311,1.61%,2.38
poliüretan modelleri,5,306,1.63%,3.89
duvar çıtalama fiyatları,5,306,1.63%,5.54
poliüretan cita,5,303,1.65%,4.94
poliüretan çıta metre fiyatları,5,297,1.68%,4.8
dekor panelleri,5,295,1.69%,2.05
şömine dekor,5,294,1.7%,2.69
polimer duvar paneli fiyatları,5,286,1.75%,4.5
düz duvar çıtası,5,285,1.75%,9.46
poliüretan çıta nedir,5,263,1.9%,2.88
lambiri tv arkası,5,262,1.91%,1.15
duvar paneli çıta,5,252,1.98%,2.64
kartonpiyer panel,5,251,1.99%,1.05
poliüretan köpük çıta,5,244,2.05%,4.19
duvar dekoratif panel,5,243,2.06%,2.4
yalancı kiriş,5,224,2.23%,1.38
çıta uygulaması nasıl yapılır,5,216,2.31%,4.67
stropiyer göbek,5,211,2.37%,9.23
stropiyer ledli,5,195,2.56%,2.81
polüretan çıta,5,191,2.62%,6.63
köşe stropiyer modelleri,5,190,2.63%,7.03
alçı duvar dekorları,5,187,2.67%,1.28
sütun fiyatları,5,185,2.7%,4.82
çıtalama fiyatları,5,171,2.92%,4.15
duvar çıta panelleri,5,159,3.14%,1.47
alçı şömine modelleri,5,156,3.21%,1.01
poliüretan cıta,5,150,3.33%,4.75
salon tavan çıta modelleri,5,147,3.4%,10.18
duvar çıtaları neyle yapıştırılır,5,139,3.6%,4.53
duvar dekorasyon fiyatları,5,137,3.65%,1.88
duvar alçı çıta,5,135,3.7%,1.27
kartonpiyer gizli ışık,5,125,4%,1.06
tavan kiriş modelleri,5,112,4.46%,1.88
köpük kartonpiyer modelleri stropiyer,5,107,4.67%,7.68
tavan kütük,5,94,5.32%,1.03
poliüretan sütun başlıkları,5,50,10%,2.1
polyester şömine,5,34,14.71%,1.06
ahşap strafor kütük,5,17,29.41%,1
supurgelik,4,2039,0.2%,2.37
kartonpiyer çıtası,4,1045,0.38%,1.05
duvar motifleri,4,945,0.42%,10.24
duvar panel dekorasyon,4,863,0.46%,1.38
duvar panel çeşitleri,4,841,0.48%,2.08
duvar paneli,4,810,0.49%,11.79
duvar paneli çeşitleri,4,716,0.56%,1.87
alçı duvar modelleri,4,704,0.57%,1.12
çıta görünümlü duvar paneli,4,666,0.6%,1.53
ahşap duvar paneli modelleri,4,646,0.62%,2.26
alçı çerçeve,4,643,0.62%,1.33
duvarda çıta,4,638,0.63%,1.06
panel dekor,4,631,0.63%,3.83
panel çıta fiyatları,4,571,0.7%,2.15
tv panelleri,4,550,0.73%,1.21
duvar çıta panel uygulaması,4,542,0.74%,1.15
tavan söve modelleri,4,512,0.78%,1.02
kartonpiyer modelleri kataloğu,4,508,0.79%,1.22
duvar dekoru panel,4,498,0.8%,1.13
duvar panel uygulaması,4,498,0.8%,2.89
süs şömine,4,482,0.83%,2.26
çıta nasıl yapılır,4,481,0.83%,4.84
duvar çıtası boyama,4,476,0.84%,2.77
stropiyer duvar çıtası,4,468,0.85%,1.11
ev çıtası,4,444,0.9%,1.02
tavan süslemesi,4,441,0.91%,1.14
kartonpiyer tavan fiyatları,4,433,0.92%,9.96
duvar çıta uygulamaları,4,404,0.99%,1.02
görsel şömine modelleri,4,404,0.99%,1.24
polimer çita,4,404,0.99%,2.41
ev dekorasyon çıta modelleri,4,394,1.02%,1.08
ev alçı dekorasyon modelleri,4,377,1.06%,1.03
duvar dekorasyon panel,4,374,1.07%,2.63
alçı duvar süsü,4,368,1.09%,1.77
stropiyer göbek kare,4,346,1.16%,2.46
kiriş dekorasyon,4,345,1.16%,1.1
kartonpiyer ışık bandı,4,310,1.29%,2.92
poliüretan çıtalar,4,310,1.29%,14.73
işıklı kartonpiyer,4,308,1.3%,2.53
duvar kartonpiyer fiyatları,4,306,1.31%,9.88
poliuretan cita,4,302,1.32%,5.06
stropiyer çıta köşesi,4,287,1.39%,1
kartonpiyer orta göbek modelleri,4,282,1.42%,1.06
duvar çerçeve dekorasyon alçı,4,275,1.45%,1.02
kartonpıyer,4,258,1.55%,2.59
dekoratif kartonpiyer,4,258,1.55%,7.24
poliüretan dekoratif çıta,4,258,1.55%,7.65
alçıpan köşe modelleri,4,248,1.61%,2.92
duvar köşe köpük,4,247,1.62%,8.03
kütük tavan,4,239,1.67%,1.06
ev içi çıta modelleri,4,237,1.69%,1.07
televizyon arkası duvar paneli,4,235,1.7%,1.44
tavan göbeği kartonpiyer,4,206,1.94%,3.73
duvar dekor paneli,4,204,1.96%,2.49
poliüretan çıta fiyat,4,201,1.99%,7.49
ledli köpük kartonpiyer,4,190,2.11%,2.03
alçı lamba göbeği,4,187,2.14%,1.04
söve kolon,4,185,2.16%,1.01
sahte şömine modelleri,4,178,2.25%,2.06
dekoratif ahşap tavan modelleri,4,175,2.29%,4.27
poliuretan supurgelik,4,173,2.31%,2.17
ledli strafor kartonpiyer,4,167,2.4%,1.97
tavan orta göbek,4,163,2.45%,1.99
salon kartonpiyer tavan modelleri,4,161,2.48%,6.44
kartonpiyer aydınlatma modelleri,4,161,2.48%,7.22
poliüretan bordür,4,154,2.6%,7.96
söve sutun,4,150,2.67%,1
poliuretan duvar paneli fiyatları,4,143,2.8%,3.31
strafor göbek modelleri,4,124,3.23%,4.6
polyester duvar çıtası,4,123,3.25%,8.33
köpük şömine fiyatları,4,116,3.45%,3.15
poliüretan duvar çıtası modelleri,4,105,3.81%,5.9
tavan ahsap görünümlü,4,90,4.44%,1.01
tv arkası duvar kaplama,4,84,4.76%,1.5
kartonpiyer çeşitleri modelleri,4,77,5.19%,5.9
köpük kartonpiyer sütun,4,66,6.06%,1.02
strafor kiriş fiyatları,4,54,7.41%,2.69
alçı sütun kalıpları,4,48,8.33%,2.98
duvar alçısı,3,4625,0.06%,4.09
çıtalama,3,2295,0.13%,1.16
ev dekorasyon uygulaması,3,1933,0.16%,6.68
çıtalama duvar,3,1332,0.23%,4.28
çitalama,3,1042,0.29%,1.02
duvarda çıta modelleri,3,922,0.33%,1.3
alçı dekor ürünleri,3,808,0.37%,6.64
tv arkası panel fiyatları,3,787,0.38%,2.65
alçıdan duvar dekoru,3,783,0.38%,1
ev duvar dekorasyon modelleri,3,709,0.42%,1.22
tavan köşe köpük,3,690,0.43%,7.27
kartonpiyer alçı fiyatları,3,669,0.45%,6.14
eve çıta uygulaması,3,595,0.5%,2.09
duvar kaplama,3,580,0.52%,15.89
duvar çıtası panel,3,555,0.54%,1.97
kartopiyer,3,554,0.54%,5.55
duvara panel,3,545,0.55%,2.33
duvarda çıta uygulaması,3,531,0.56%,2.08
panel dekoratif,3,486,0.62%,1.24
alçıpan çıtası,3,485,0.62%,6.77
duvar paneli örnekleri,3,437,0.69%,1.03
duvara dekor,3,434,0.69%,2.57
duvar çıtası ne ile yapışır,3,430,0.7%,6.18
çita panel,3,427,0.7%,1.41
pencere kenarı köpük,3,426,0.7%,1.26
çıta kartonpiyer,3,408,0.74%,1
ahşap tavan modelleri ve fiyatları,3,389,0.77%,2.66
polimer duvar kaplama,3,377,0.8%,2.95
duvar panel uygulamaları,3,349,0.86%,4.01
kiriş dekorasyonu,3,328,0.91%,1.05
alçı dekorasyon ürünleri,3,326,0.92%,2.57
duvar çıta,3,325,0.92%,5.23
duvar alçıpan dekor,3,314,0.96%,1.03
çıta uygulama,3,306,0.98%,1.07
köpük lamba göbeği,3,305,0.98%,5.36
ahşap duvar çıtası nasıl yapılır,3,304,0.99%,8.16
modern duvar panelleri,3,302,0.99%,1.26
çıta duvar kaplama,3,300,1%,1
tavan lamba kartonpiyer,3,300,1%,1.32
duvar arkası çıta,3,297,1.01%,1.04
kartonpiyer lamba,3,273,1.1%,1
duvar kaplama panelleri,3,273,1.1%,20.89
mersin duvar paneli,3,271,1.11%,4.8
duvar tv paneli,3,264,1.14%,1.55
televizyon arkası duvar panelleri,3,263,1.14%,1.08
ev duvar modelleri,3,261,1.15%,1.04
köpük alçı modelleri,3,260,1.15%,6.03
kartonpiyer dekorasyon,3,260,1.15%,7.62
kartonpiyer duvar kaplama,3,258,1.16%,4.07
plastik çıta fiyatları,3,253,1.19%,3.16
köpük göbek,3,253,1.19%,7.8
kartonpiyer duvar dekorasyonu,3,251,1.2%,2.55
plastik kartonpiyer modelleri,3,250,1.2%,7.09
duvar panel modelleri ve fiyatları,3,238,1.26%,1.79
duvar kaplama paneli,3,236,1.27%,13.83
dekoratif duvar kaplamaları,3,234,1.28%,10.06
duvar çıtasını kim yapar,3,225,1.33%,4.56
söve çeşitleri,3,209,1.44%,26.61
duvarda panel modelleri,3,207,1.45%,1
salon çıta uygulaması,3,204,1.47%,1.61
ahşap görünümlü köpük tavan kaplama,3,204,1.47%,1.74
işık bandı stropiyer,3,204,1.47%,2.87
dekoratif duvar kaplaması,3,201,1.49%,2.33
ahşap kirişli tavan,3,198,1.52%,3.39
alçı göbek modelleri,3,197,1.52%,2.65
tavan köşe köpük modelleri,3,195,1.54%,7.01
duvar paneli mersin,3,189,1.59%,4.98
tv panel modelleri,3,186,1.61%,1.75
stropiyer led,3,179,1.68%,1.76
duvarlara yapılan çıta,3,169,1.78%,1.2
polimer cita,3,167,1.8%,3.2
alçıpan şömine,3,166,1.81%,2.19
köpük ışık bandı,3,166,1.81%,3.79
kartonpiyer tavan modelleri fiyatları,3,163,1.84%,7.76
köpük söve,3,160,1.88%,1.91
stropiyer kartonpiyer modelleri,3,157,1.91%,7.87
alçı kolon modelleri,3,153,1.96%,1.05
kütük strafor,3,153,1.96%,1.56
duvar citasi,3,151,1.99%,24.86
çıta poliüretan,3,144,2.08%,3.74
kartonpıyer tavan modellerı,3,143,2.1%,7.18
dış cephe söve fiyatları,3,143,2.1%,24.64
kartonpiyer düz model,3,140,2.14%,4.59
kartonpiyer duvar paneli,3,136,2.21%,1.23
strafor şömine,3,132,2.27%,5.5
ledli tavan göbeği,3,131,2.29%,2.53
duvara yapılacak dekorasyon,3,126,2.38%,1.89
polyester çıta modelleri,3,119,2.52%,5.74
ahsap kiris,3,118,2.54%,1.09
tv arkası lambiri fiyatları,3,111,2.7%,1.92
çıta panel fiyatları,3,104,2.88%,2.33
tavan avize göbek modelleri,3,103,2.91%,1.1
evde duvar çıtası yapımı,3,102,2.94%,3.01
poliüretan köşe çıta,3,101,2.97%,8.1
kartonpiyer led döşeme,3,100,3%,9.85
dekoratif tavan çıtası,3,94,3.19%,3.31
pratik süpürgelik,3,93,3.23%,3.3
kartonpiyer model,3,90,3.33%,1.14
kartonpiyer dekor,3,85,3.53%,1.75
tv için duvar paneli,3,84,3.57%,1.05
dış cephe kolon giydirme,3,81,3.7%,1.4
polimer duvar çıtası fiyatları,3,80,3.75%,2.09
kiriş fiyatları,3,78,3.85%,1.46
duvar çıta panel fiyatları,3,71,4.23%,2.41
sütun köpük,3,69,4.35%,2.48
söve sütun kaplama,3,66,4.55%,1.35
polimer dekoratif çıta,3,64,4.69%,1.39
alçı tavan göbeği,3,61,4.92%,2
tv arkası köpük kaplama,3,60,5%,1.8
tavan mertek,3,57,5.26%,1.02
köpük kartonpiyer çeşitleri,3,52,5.77%,6.4
strafor kartonpiyer modelleri,3,51,5.88%,10.47
şömine kasası fiyatları,3,49,6.12%,2.04
ahşap kartonpiyer dekorasyon,3,49,6.12%,8.06
elektrikli şömine dwg,3,40,7.5%,6
hazir isik bandi kartonpiyer,3,39,7.69%,1
köpük kartonpiyer göbek,3,38,7.89%,1.21
ahşap şömine kasası,3,38,7.89%,1.76
oymalı duvar çıtası,3,36,8.33%,1.22
dekoratif sütun,3,33,9.09%,30.18
duvar çıtası ölçüsü,3,29,10.34%,1
dekoratif ahşap kiriş,3,19,15.79%,1.37
strafor ışık bandı,3,16,18.75%,21.62
led'li kartonpiyer,3,15,20%,15.8
alçı modelleri,2,1243,0.16%,2.36
dekoratif paneller,2,1015,0.2%,4.36
mobilya süpürgelik,2,946,0.21%,1.02
alçıpan duvar modelleri,2,895,0.22%,4.82
mertek,2,869,0.23%,6.68
karton pier,2,865,0.23%,5.75
çıta dekorasyon,2,815,0.25%,1.88
ev duvar dekorasyon,2,746,0.27%,6.88
çıta çalışması,2,712,0.28%,1.12
dekorasyon duvar panelleri,2,682,0.29%,2.35
alçıpan modelleri duvar,2,662,0.3%,1.01
dekoratif şömineler,2,637,0.31%,6.97
çıta ev dekorasyon,2,621,0.32%,1.01
duvar çıtaları nasıl yapılır,2,617,0.32%,4.05
dekor paneli,2,612,0.33%,2.99
göbek modelleri,2,608,0.33%,1.41
pencere sövesi,2,604,0.33%,41.3
duvar çıta boyama,2,594,0.34%,3.09
duvar panelleri renkleri,2,526,0.38%,1.02
duvar kirişi,2,524,0.38%,1.03
çıta fiyatı,2,503,0.4%,1.61
polimer çıta nedir,2,460,0.43%,3.42
duvar çıtası fiyatları,2,460,0.43%,8.69
duvar paneli tv,2,457,0.44%,1.05
çıta nereden alınır,2,455,0.44%,4.64
duvara alçı dekorasyon,2,442,0.45%,1.26
süpürgelikler,2,434,0.46%,3.32
hazır süpürgelik,2,424,0.47%,3.18
şömine dekoru,2,422,0.47%,1.76
dekoratif duvar çıta modelleri,2,420,0.48%,19.96
kartonpiyer lamba modelleri,2,413,0.48%,1.27
televizyon panelleri,2,404,0.5%,1.66
dekoratif somine,2,404,0.5%,2.6
stropiyer duvar modelleri,2,390,0.51%,1
çıta duvar,2,390,0.51%,16.55
tv arkası çıta panel,2,389,0.51%,1.24
ev çıta dekorasyon,2,388,0.52%,1.02
kartonpiyer led,2,370,0.54%,4.08
duvar paneli kaplama,2,355,0.56%,2.34
köpük göbek modelleri,2,345,0.58%,6.26
lamba göbek modelleri,2,332,0.6%,1.05
sütun kolon,2,328,0.61%,5.24
kartonpiyer köpük fiyatları,2,325,0.62%,9.45
duvar alçı çerçeve,2,314,0.64%,1.07
televizyon duvar paneli,2,314,0.64%,1.17
göbek tavan modelleri,2,309,0.65%,1.42
ev duvar çıta modelleri,2,302,0.66%,1
duvar kaplama dekorasyon,2,296,0.68%,4.6
kiriş kaplama modelleri,2,289,0.69%,1.33
duvar panelı,2,287,0.7%,2.08
tv arkası lambiri modelleri,2,278,0.72%,1.14
cita uygulamasi,2,277,0.72%,1.04
lamba göbekleri,2,272,0.74%,2.2
kartonpiyer led ışık,2,266,0.75%,6.88
tavan süsleme dekoru,2,260,0.77%,1.68
kartonpiyer ışıklı,2,253,0.79%,3.3
duvar panel kaplama modelleri,2,249,0.8%,1.06
panel çıta uygulaması,2,247,0.81%,3.36
ışık bantlı stropiyer,2,237,0.84%,1.59
dekoratif duvar kaplama panelleri,2,232,0.86%,2.8
şömine dekoratif,2,228,0.88%,3.25
tavan ahşap modelleri,2,223,0.9%,1.04
duvar paneli dekoratif,2,222,0.9%,3.76
mertek tavan,2,220,0.91%,1.01
alçıpan kiriş kaplama,2,220,0.91%,5.16
duvar paneli modeli,2,219,0.91%,1
kubbe tavan,2,214,0.93%,1.19
strafor tavan göbek modelleri,2,212,0.94%,1.46
duvar çıtalama örnekleri,2,211,0.95%,2.18
şömine modelleri ve fiyatları,2,204,0.98%,4.16
köpük çıta uygulaması,2,201,1%,3.29
alçıpan köpük,2,198,1.01%,8.12
duvar çıta uygulama,2,196,1.02%,2.56
dekoratif tv duvar panelleri,2,190,1.05%,1.06
tavan çıtalama modelleri,2,190,1.05%,5.15
tv arkası duvar lambiri,2,186,1.08%,1.54
hazır kartonpiyer,2,179,1.12%,13.95
söve desenleri,2,178,1.12%,1.79
dekor çıta panel,2,174,1.15%,1.04
duvar stropiyer,2,174,1.15%,1.84
alçı süs eşyaları fiyatları,2,174,1.15%,6.16
avize kartonpiyer modelleri,2,164,1.22%,3.46
spotlu göbek modelleri,2,153,1.31%,1.27
çıta yapıştırıcı,2,151,1.32%,3.03
kartonpiyer alci,2,151,1.32%,3.28
duvar köşe kartonpiyer,2,148,1.35%,6.14
duvar paneli resimleri,2,147,1.36%,1
tavan kartonpiyeri,2,147,1.36%,7.88
duvar dekorasyon paneli,2,143,1.4%,1.97
köpük çıta modelleri,2,138,1.45%,1.91
dekor panel duvar,2,138,1.45%,3.99
poliüretan duvar çıta modelleri,2,137,1.46%,6.66
kartonpiyer dış cephe,2,136,1.47%,7.64
alçı duvar desenleri,2,133,1.5%,5.2
dekoratif şömine fiyatları,2,132,1.52%,7.89
ev dekorasyon duvar çıtası,2,131,1.53%,2.8
tavan köşesi köpük,2,129,1.55%,4.09
alçı süsleme,2,127,1.57%,6.63
ev tavan çıtası,2,125,1.6%,1.94
kartonpiyer resimleri,2,122,1.64%,1
düz duvar paneli,2,121,1.65%,4.53
ev duvarı dekorasyonu örnekleri,2,120,1.67%,3.42
alçıpan çerçeve modelleri,2,119,1.68%,1
stropiyer modelleri ve fiyatları,2,119,1.68%,10.24
kartonpiyer lamba göbekleri,2,118,1.69%,1
avize göbeği modelleri,2,117,1.71%,1.83
duvar çıta köşe modelleri,2,115,1.74%,2.45
tavan gobegi,2,111,1.8%,2.34
tavan kiriş,2,108,1.85%,1.05
plastik çıta,2,106,1.89%,19.08
duvar çita,2,105,1.9%,4.12
alçıpan duvar dekoru,2,103,1.94%,1.27
hazir kartonpiyer modelleri,2,103,1.94%,3.9
stropiyer desenleri,2,103,1.94%,8.83
yeni model kartonpiyer,2,101,1.98%,6.95
kopuk kartonpiyer,2,101,1.98%,8.75
led'li stropiyer modelleri,2,100,2%,1.18
polimer poliüretan çıta,2,100,2%,3.66
köşe strafor modelleri,2,100,2%,8.2
köpük kartonpiyer duvar modelleri,2,96,2.08%,2.36
tavan köşe stropiyer,2,96,2.08%,11.18
köpük tavan köşe,2,93,2.15%,3.83
stropiyer işık bandı,2,92,2.17%,1.4
ışık bandı kartonpiyer,2,91,2.2%,4.92
tv arkası hazır duvar panel fiyatları,2,88,2.27%,2.7
dikdörtgen tavan göbeği,2,87,2.3%,5.84
kubbe tavan modelleri,2,85,2.35%,1
dekoratif poliüretan çıta,2,85,2.35%,4
ahşap köpük,2,84,2.38%,3.07
duvar kaplamaları dekorasyonu,2,83,2.41%,1.41
köpük köşelik,2,82,2.44%,6.93
strafor tavan göbeği,2,79,2.53%,8.87
tv arkasına duvar paneli,2,78,2.56%,1.08
tavan ışıklı kartonpiyer,2,77,2.6%,5.6
söve köpük,2,76,2.63%,3.05
dekor kartonpiyer,2,74,2.7%,2.93
ledli stropiyer uygulama,2,72,2.78%,7.79
pencere kenarı söve,2,71,2.82%,14.15
köşe kartonpiyer fiyatları,2,69,2.9%,9.29
klasik şömine modelleri,2,68,2.94%,1.25
duvar çıtası nasıl takılır,2,67,2.99%,3.67
alçı çıta dekorasyon,2,66,3.03%,1
led ışık kartonpiyer,2,65,3.08%,4.82
kartonpiyer modelleri ledli,2,63,3.17%,2.98
avize göbeği,2,63,3.17%,7.63
çıta köşe modelleri,2,60,3.33%,3.27
duvar paneli uygulama modelleri,2,57,3.51%,1
dekor somine,2,55,3.64%,2.02
duvar çitası,2,51,3.92%,21.45
polimer ahşap panel,2,50,4%,2.38
dekoratif şömine çerçevesi,2,50,4%,8.94
tv arkası duvar panel modelleri,2,49,4.08%,1.29
kartonpiyer çeşitleri ve fiyatları,2,49,4.08%,2.69
adana kartonpiyer,2,49,4.08%,13.43
tavan göbek stropiyer,2,48,4.17%,3.02
dekoratif duvar paneli bursa,2,48,4.17%,5.19
kare lamba göbeği,2,48,4.17%,7.1
4 cm poliüretan çıta,2,48,4.17%,11.79
tv arkasına panel,2,47,4.26%,2.21
tv arkası duvar köpük kaplama,2,45,4.44%,1.78
oda çıta modelleri,2,44,4.55%,5.45
tavan kartonpiyer köpük,2,44,4.55%,7.09
duvar dekoratif çıta,2,44,4.55%,31.5
poliüretan tavan süslemeleri,2,42,4.76%,1.21
led tavan aydınlatma kartonpiyer,2,41,4.88%,8.41
salona çıta uygulaması,2,38,5.26%,1.18
kartonpiyer desenli,2,37,5.41%,6.22
poliüretan düz çıta,2,35,5.71%,5.31
alçıpan duvar dekor,2,34,5.88%,1.91
ışık bantlı kartonpiyer,2,33,6.06%,3.42
sove modelleri,2,33,6.06%,21
duvar oanel,2,32,6.25%,1.84
stropiyer led tavan,2,31,6.45%,1.55
köşe stropiyer,2,29,6.9%,14.24
dekoratif çıta görünümlü duvar paneli,2,28,7.14%,1
hazır ışık bandı fiyatları,2,27,7.41%,10.93
iskandinav duvar çıtası ne ile yapıştırılır,2,25,8%,6.76
stropiyer köpük modelleri,2,25,8%,7.84
ledli kartonpiyer modelleri stropiyer led işık profili,2,24,8.33%,1
oymalı çıta modelleri,2,24,8.33%,1.75
duvar çıtası ölçüsü nasıl alınır,2,24,8.33%,2.71
ledli tavan stropiyer,2,24,8.33%,3.62
ahşap görünümlü kiriş kaplama,2,22,9.09%,1.14
poliuretan çıta,2,20,10%,3.75
ahşap duvar çıtası ne ile yapıştırılır,2,20,10%,6.7
poliüretan kütük kiriş,2,18,11.11%,2
tavan kenar kartonpiyer,2,17,11.76%,6.29
ledli tavan kartonpiyer,2,17,11.76%,8.71
poliüretan led kartonpiyer,2,16,12.5%,2.56
ışık bandı köpük,2,16,12.5%,4.44
poliüretan köpük kütük,2,14,14.29%,1.14
söve şömine,2,13,15.38%,1
eps ışık bandı,2,13,15.38%,39
poliüretan motif,2,11,18.18%,15.27
stropiyer göbek çeşitleri,2,10,20%,3.9
strafor şömine çerçevesi,2,10,20%,6.9
salonda çıta uygulaması,2,9,22.22%,1
strafor ahşap kütük,2,9,22.22%,1
ledli spotlu stropiyer kartonpiyer,2,7,28.57%,21
poliüretan sutun,2,6,33.33%,2.17
duvar çıtası köşe motifi,2,6,33.33%,61.67
çıtalama modelleri,1,1250,0.08%,2.07
çıta duvar modelleri,1,1049,0.1%,6.36
citalama,1,977,0.1%,1.03
şömine görselleri,1,812,0.12%,1.03
söve modelleri,1,809,0.12%,41.25
dekorasyon panel,1,742,0.13%,2.07
koridor çıta modelleri,1,718,0.14%,4.04
mutfak çıta modelleri,1,697,0.14%,1.01
dekorasyon uygulaması,1,666,0.15%,6.78
hazır şömine modelleri,1,650,0.15%,1.08
kompozit sütun başlığı,1,622,0.16%,1.29
evde çıta uygulaması,1,597,0.17%,2.46
ev çıta modelleri,1,544,0.18%,1
polimer poliüretan,1,505,0.2%,4.97
polyester çıta,1,489,0.2%,15.77
ahşap tavan,1,469,0.21%,7.12
duvar paneli görselleri,1,464,0.22%,1.03
kartınpiyer,1,409,0.24%,6.21
köy evi tavan kaplama modelleri,1,400,0.25%,1.03
duvar çıtası nereden alınır,1,387,0.26%,6.23
şömine dekorasyon,1,386,0.26%,11.04
mutfak duvar çıta modelleri,1,383,0.26%,1.02
duvarlara çıta,1,381,0.26%,1.01
pencere söve modelleri,1,372,0.27%,30.15
salon çıta modelleri,1,366,0.27%,15.92
panelli duvar modelleri,1,352,0.28%,1
tv duvar panel modelleri,1,336,0.3%,1.05
yatak odası kartonpiyer modelleri,1,334,0.3%,1.42
duvar panel çıta,1,333,0.3%,3.12
çıta nasıl yapıştırılır,1,315,0.32%,5.27
yeni model duvar panelleri,1,310,0.32%,1.09
ev dekorasyon çıta,1,308,0.32%,1.63
tahta kiriş,1,296,0.34%,1.04
stropiyer çeşitleri,1,295,0.34%,12.27
çita uygulaması,1,294,0.34%,1.04
kartonpiyer modelleri katalogu,1,293,0.34%,5.74
alçıpan lamba göbeği,1,292,0.34%,1.04
ev süpürgelik,1,290,0.34%,2.32
duvar çıta paneli,1,282,0.35%,1.46
ağaç tavan modelleri,1,277,0.36%,1
köpük alçı,1,271,0.37%,7.66
duvara köpük çıta uygulaması,1,270,0.37%,4.15
kartonpiye,1,265,0.38%,4.71
kirişli duvar dekorasyonu,1,263,0.38%,1.49
duvar çıtaları modelleri,1,259,0.39%,3.67
sömine,1,258,0.39%,5.55
en uygun duvar paneli,1,258,0.39%,5.6
düz söve modelleri,1,258,0.39%,8.02
duvar oanelleri,1,249,0.4%,1.33
kartonpiyer avize göbeği,1,249,0.4%,2.5
mutfak duvar çıtası modelleri,1,245,0.41%,1.07
tavan susleri,1,244,0.41%,1.18
duvara cita uygulama,1,244,0.41%,2.42
ev çıta,1,240,0.42%,1
alçı çıtası fiyatı,1,240,0.42%,8.31
duvar sutun modelleri,1,238,0.42%,1.27
şömine görsel,1,237,0.42%,1.61
duvar çıta örnekleri,1,236,0.42%,2.69